1, 1, -0.99999999999651978, -0.95206330083394808, -0.95647924202285273, 1, -0.99999999997474665, -0.97236732204188048, 0.97923217054722322, -1, -0.99999999998587408, 0.96555256191586381, -0.97817153707667603, 0.99194890773423772, -0.97189117841558936, 0.97667174823320091, -0.99544791937487698, 0.98156740853977364, -0.99999999999982558, 0.96066385168505508, -0.9963761913858169, 1, 0.99999999999986822, 0.99999999999993405, -0.99999999999998423, 0.9999999999998771, 1, 0.9999999999998167, -1, 0.99999999999985201, -1, 0.99999999999986977, -0.9999999999999668, -0.99999999999998868, 0.99999999999989553, -0.99999999999987288, -0.99999999999996414, 0.9999999999999738, -0.99999999999981215, -1, -0.99999999999967959, 1, -0.99999999999964406, 1, 0.99999999999660671, -1, -1, -0.99999999999893108, -1, 0.65791282281076824
0, 0.61118972088687851, -0.60821526785832525, -0.99999999999692391, -1, 0.91400275495524053, -0.90832557051840002, -0.9999999999981235, 1, -0.96135894168660618, -0.95280749202969617, 0.98675936307838874, -0.98915063801631098, 0.97089490119894939, -0.93769674387911639, 1, -0.99999999999986011, 0.949747698411332, -0.98976645875603464, 0.96669049509394356, -0.99416438432432885, 0.99465514244720998, 0.99615918402714698, 0.9968962481329865, -0.9970327904079106, 0.99723758655226069, 0.99747871534177868, 0.99770446178756222, -0.99791759113111966, 0.99812051121865208, -0.99831309562934434, 0.99849527798808313, -0.99866705923776566, -0.99882843850302339, 0.99897941407209634, -0.99911998436643157, -0.99925014792201505, 0.99936990338299625, -0.9994792495016469, -0.9995781851402965, -0.99966670926557932, 0.99974482096208273, -0.99981251939871985, 0.99986980392797953, 0.99991667362160197, -0.99999999991506461, -0.99999479214274545, -0.99997916815619903, -0.99995312878385423, -5.6225261602538521e-016
0, -0.72287528331610251, 0.72433346538863086, -0.29499075233797489, -0.29042466435625375, 0.44031991507919011, -0.42750746610819379, -0.81335910113880172, 0.80235376453946439, -0.7457696918138137, -0.72355873034140405, 0.91003978965841748, -0.89453307347147148, 0.84714519824316026, -0.79316796043973392, 0.96798369596774514, -0.9352001748697667, 0.8316883795290102, -0.91034066850384254, 0.92259513826106998, -0.93715958955844592, 0.93572237097991262, 0.9434220644363589, 0.9488899110216652, -0.9525690981025472, 0.95630785674444119, 0.96001696066115838, 0.96355252198662589, -0.96692165353139037, 0.97013049226344672, -0.9731781574658328, 0.97606396292422715, -0.97878743665143852, -0.9813481282596852, 0.98374561179361952, -0.98597948851040607, -0.9880493868941379, 0.98995496270009209, -0.99169589901058752, -0.99327190629385387, -0.99468272243515887, 0.99592811282457427, -0.99700787027546756, 0.99792181543852632, 0.99866979500853992, -0.99999999966113429, -0.9999168453366335, -0.99966739331089449, -0.99925168771282213, -7.8622631857260755e-018
0, 0.23573725489426592, -0.23688444056474303, 0.89580530376025369, 0.8994147787951482, -0.71688770932784762, 0.73009471384960645, -0.0308324832406289, 0.0081913268162471693, -0.055460259776478393, -0.016492700528764451, 0.5017376047756319, -0.45783407539009502, 0.41581372494039082, -0.33307768897200751, 0.72505156721485586, -0.63609833591553211, 0.46295237785909732, -0.61053529312929666, 0.70198406864415253, -0.69688378457766087, 0.70030518706387102, 0.72761662042025466, 0.7499477116344756, -0.76811155422659749, 0.78610035470688588, 0.8037128552812326, 0.82062080504353963, -0.83682657588413489, 0.8523313704701676, -0.86712142102295475, 0.88118391856605938, -0.89450708202950679, -0.90707973878690451, 0.91889133996793004, -0.92993197539551953, -0.94019238178598807, 0.94966395048144192, -0.95833873466909403, -0.96620945606180875, -0.97326951096951897, 0.97951297593353559, -0.98493461243428571, 0.98952987212453458, 0.99329489659357473, -0.99999999924081129, -0.99958049218598199, -0.99832231655309023, -0.99622653387357962, 1.352040472622296e-016
0, -0.064303015034635869, 0.064827116908960342, -0.49593437874691387, -0.49916124315566651, -0.60869393042101894, 0.59894981819334203, 0.97920662526705582, -0.98405423681295001, 0.84236341866494568, 0.86339391732320181, -0.39128732192399007, 0.43389677669171273, -0.36190247153975957, 0.43010614446549589, 0.056833401122856453, 0.050115037077303505, -0.19103762073244959, 0.015915106606057786, 0.1543619256082896, -0.14457529630092233, 0.17094754562697251, 0.23039239926427549, 0.28377759268855696, -0.33170841148479929, 0.37938833323141258, 0.42645664107578729, 0.47235786723506806, -0.51699331474976185, 0.56026624526752966, -0.60206139927240443, 0.64226791025241114, -0.68077971462531439, -0.71749520314842408, 0.75231749745492649, -0.78515471482409904, -0.81592021045203378, 0.84453280601332958, -0.87091700385305426, -0.89500318621809094, -0.91672779889278833, 0.93603351905301324, -0.95286940606838633, 0.96719103736917955, 0.97896061858497196, -0.99999999865838596, -0.99868069352532884, -0.99472624791749054, -0.98814710647675319, -3.7631345162449589e-017
0, 0.020161463218815377, -0.020426959001674943, 0.19200430807523744, 0.19311568395646878, 0.90629550057266128, -0.90856764199731777, 0.091338145856598774, -0.079503753575029631, 0.70310227040175788, 0.68235048056242664, -0.97358366016019227, 0.97758425013990324, -0.98548933010866968, 0.9861769032802491, -0.76891597557585167, 0.83219500096821442, -0.88151670788142245, 0.77201500353993824, -0.59616005022096707, 0.6082849751320355, -0.56620248860784117, -0.49033850099820747, -0.41551372056563413, 0.3424101990334622, -0.26655191239642789, -0.188590861077017, -0.10946487846854297, 0.029659691728713095, 0.050337121394133107, -0.13001241313623532, 0.2088555495465938, -0.28636194345582638, -0.36203554369117674, 0.43539201831557733, -0.50596186591324976, -0.57329342031763286, 0.63695574131816901, -0.69654137278455897, -0.75166895052849436, -0.80198564305298992, 0.84716941000220547, -0.88693106263764099, 0.921016116910223, 0.94920641148064711, -0.99999999791978311, -0.99679986666771636, -0.9872199371052941, -0.97132153936449683, -1.5348212919827654e-016
0, -0.0077978943728166722, 0.0079596711258921229, -0.070789652249830914, -0.070922944217019626, -0.58198558591098537, 0.58746835176011658, -0.8654305029561471, 0.86643722205726703, -0.80936718130376606, -0.83439636265600936, -0.11420688452955456, 0.074944039997148285, -0.44449796533367575, 0.36394514053340171, -0.89879256308414179, 0.84977617933011762, -0.83524221843009905, 0.93554279593150247, -0.96193226978797319, 0.99539434325057607, -0.99911571410347633, -0.98801013840681928, -0.96305258992327891, 0.92617559027685237, -0.87703259200643158, -0.81619476232719435, -0.7446281710478736, 0.66327087663402828, -0.57318103395281772, 0.47554519567470571, -0.3716491595309499, 0.26286062435436569, 0.15061170795256476, -0.036380091069239034, -0.078330444897256754, -0.19200981398245806, 0.30316150483240012, -0.41032228124192255, -0.51208144470113315, -0.60709940517183714, 0.69412531617814177, -0.77201354045857318, 0.83973873445790725, 0.89640933145978507, -0.99999999703249798, -0.99341784429345603, -0.97375801080674951, -0.94127932745260989, 8.2990555849330796e-017
0, 0.0036092999002819534, -0.0037223592424743728, 0.028483609329734882, 0.028326201807327249, 0.28494521073785523, -0.28923344782083565, 0.81704522874549124, -0.82362549051179379, -0.24938884655353297, -0.21965867770378888, 0.99999999999982081, -1, 0.83172712149720862, -0.85877233116584195, 0.2545727582933448, -0.32579684704313722, 0.23310974901697007, -0.011707611635682747, -0.26820754006076242, 0.35808003989108611, -0.48077947905554452, -0.61741181883561047, -0.7342965483962155, 0.83008125824862744, -0.90631719343942208, -0.96086386403000634, -0.99218306689806812, 0.99953678502198184, -0.98275263258059764, 0.94223550580628435, -0.87896391083212122, 0.79446582142746403, 0.69078181662963578, -0.57041580860060193, 0.43627457067197273, 0.29159754039677999, -0.13987858895034611, -0.015218353934359417, -0.16994778190857587, -0.32057306382023709, 0.46345668166066367, -0.59514807357087474, 0.71246696668681309, 0.81258016008035894, -0.99999999600548251, -0.98792527772660033, -0.95199268762456113, -0.89307000809295123, -1.7068502984396779e-017
0, -0.0019083930136346784, 0.0019948803385283326, -0.013068818207888595, -0.012851998375435669, -0.12877190069979341, 0.13153360713666248, -0.51314936034367775, 0.51799236553010608, 0.87710769041200087, 0.86844746604192069, -0.39401625989078609, 0.41441312590487922, 0.44307956707017865, -0.37031206479709716, 0.96456333460839372, -0.95304374640141121, 1, -0.99054219082139405, 0.84243404266674071, -0.80249045951287856, 0.68603083130074938, 0.51892563993498975, 0.33323800905968404, -0.13808228215062995, -0.06323445832535371, -0.26236025039998295, -0.45076081559981968, 0.62078793553871248, -0.76553914765847142, 0.87911924374854122, -0.9569029241188991, 0.99572297934569043, 0.99399872101614606, -0.9518003581401232, 0.87084614337504507, 0.75443240827885705, -0.60729934173091316, 0.43543797671689871, 0.24584624461237664, 0.046244030250735098, 0.15524117030576856, -0.35040518780438362, 0.53130124515780963, 0.69056351549764916, -0.99999999484900148, -0.97964077183052956, -0.91939205695409065, -0.8217071235240595, -7.2440339437715465e-017
0, 0.0011114871134741923, -0.0011818815801531192, 0.006803520571239864, 0.0065898237240487791, 0.059268077301087803, -0.061058722588442686, 0.27401121122612626, -0.27594356838373324, -0.86357369502406645, -0.87073974858475656, -0.5044933753041847, 0.49740110395070125, -1, 0.99999999999671174, -0.35744560779784396, 0.40884244057693331, -0.13103431109754554, -0.1491145744178228, 0.51755055857939425, -0.67433085383034563, 0.82840426881381168, 0.94529640799714676, 0.99731401878598591, -0.98394958313699887, 0.90749399469215863, 0.77258187104427467, 0.58797357247388526, -0.36554919833492394, 0.11960564151202999, 0.13403339396918412, -0.37904920266542008, 0.59967843959515743, 0.78172668015577307, -0.9134816427092739, 0.98646672132718605, 0.99598633768900369, -0.94142803641139428, 0.82630188807111538, 0.6580146647893873, 0.44739331717259306, -0.20798840979440258, -0.044797668756434122, 0.2947016404171055, 0.52564562910629675, -0.99999999357441161, -0.96783193623891994, -0.87339728112303905, -0.7227716357651387, 1.6127719355335538e-017
0, -0.0006954217524543163, 0.00075538657926421313, -0.0039336405886241342, -0.0037361616693396059, -0.029155565321664616, 0.030408457550881056, -0.1393816422088015, 0.13946512019747126, 0.60663129574637009, 0.61871062673626631, 0.88827248545466397, -0.89621341934615351, 0.39272905969289246, -0.46183521618567608, -0.77012649705361436, 0.74095759524740434, -0.93716937924478616, 0.99592385884776502, -0.86677956394324507, 0.76446264516061257, -0.54568785481542792, -0.25568598112380914, 0.056529390811289187, -0.35944093731674281, 0.62826723464903844, 0.8367473603679455, 0.96442784088314082, -0.99901400108920424, 0.93717675543446155, -0.78488380610823005, 0.55683442381233272, -0.2750397750017291, 0.033301522305454717, -0.33842857985726921, 0.61089074575715463, 0.82439016085129091, -0.95832000976977139, 0.99975347644413937, 0.9446914314250201, 0.7984484251081766, -0.57513973083806691, 0.2963189493720802, 0.011102333658461997, 0.31745200928590561, -0.99999999219423064, -0.95174035517972277, -0.81161936916530431, -0.59316146891684429, 2.6879532258892565e-019
0, 0.00045945870183925679, -0.00051238028100134816, 0.0024718890036674128, 0.0022905854967240828, 0.015570165228893642, -0.01652516497296163, 0.072050737619900149, -0.071277204243179487, -0.36653665956271198, -0.37780540051162703, -0.82608816042683042, 0.83754197463648627, 0.43122799532826478, -0.35412236662445934, 0.96500685628994542, -0.96009314530385736, 0.6004388873251455, -0.32053011872047454, -0.20148121778968131, 0.48519051628018817, -0.7642432940033892, -0.94933094672178742, -0.99832753366775795, 0.90823804265687391, -0.69227544262813434, -0.38006607501995077, -0.015131490379594249, -0.35188658521692912, 0.67007153370084394, -0.89526471678161434, 0.99621341012948528, -0.95890802201368674, -0.78852578224848635, 0.50871226626497834, -0.15829987606852705, 0.21408130430647365, -0.55675237137042788, 0.8221575786473887, 0.97346410317876364, 0.98967368916314358, -0.86853677703258181, 0.62686469684828017, -0.29819659589671543, 0.071855085178286524, -0.99999999072175694, -0.93061021995380011, -0.73207071941839275, -0.43193477966463273, 4.2066467985166867e-017
0, -0.0003166815804054485, 0.00036475165007218132, -0.0016595967834498689, -0.0014914174899846892, -0.0089988128185140345, 0.0097812552729747565, -0.039212479353477735, 0.038116715628373474, 0.20806620945875906, 0.21708193247805344, 0.60542857429174468, -0.61299327935119619, -0.86497892792794484, 0.81807854494035381, -0.355986166032697, 0.3380827362390722, 0.41181805495072998, -0.70372966117209423, 0.945804174387748, -0.97823263037696973, 0.81811539907452924, 0.48781179493278098, 0.063789620035639066, 0.36889342115472618, -0.73111077722337703, -0.95282499416700328, -0.99102903268107623, 0.83839621254640972, -0.52432203011695588, 0.1092841780405311, 0.32679740222572679, -0.69995089140136602, -0.93832188888330459, 0.99600969264936434, -0.86190594341811877, -0.56183364925702317, 0.15357470900731604, 0.28425656588373399, 0.6673514174125118, 0.92194112917358184, -0.99900192508159735, 0.88369498407683433, -0.59822380061771951, -0.19755870288784377, -0.99999998917107968, -0.90372004772389836, -0.63341980106117934, -0.24114831393592431, -5.4632649316199144e-017
0, 0.00022566310646572095, -0.00027039711412647012, 0.0011756349169968051, 0.0010172247762508173, 0.0055668229093046081, -0.0062445872388233615, 0.022813598200814224, -0.021626541082160649, -0.11681212812655319, -0.12382878822723434, -0.39637570561157676, 0.39860104144303748, 0.90059556746450709, -0.8884616791005866, -0.35779551602953164, 0.39798418018323617, -0.99080665338062257, 0.99659235290208437, -0.61916203556240501, 0.26585723502059339, 0.22924016495452873, 0.68257537379772248, 0.95495210479414105, -0.97750991446961299, 0.7471052684494055, 0.32300645461079336, -0.18478849529976485, 0.64467914438993046, -0.93749182852217816, 0.98733794369325578, -0.78129870493757125, 0.37277268687103221, -0.13236368137703577, 0.60319576173692158, -0.91769945291589061, -0.99436580118849227, 0.81332542501864435, -0.42149800153373429, 0.079567761821294186, 0.56001219318469286, -0.89531998801164203, 0.99859045690697568, -0.84305930956721309, -0.46903508953719369, -0.99999998755663733, -0.87041655095816672, -0.51524989234989749, -0.026547536528160762, -3.5749777904327112e-017
0, -0.00016507643437313843, 0.00020758640800845439, -0.00087084216951028941, -0.00071917600517427266, -0.003639553567246935, 0.0042521566901295256, -0.01422436607935911, 0.013030115732827348, 0.066863797469885466, 0.072471720232882647, 0.24745545381338993, -0.24556611786527896, -0.73890514403698271, 0.75100092417728681, 0.78560670904872332, -0.82986924022760866, 0.87037807093995212, -0.55815372311854128, -0.21258582738585494, 0.66070545244710877, -0.96408696313329645, -0.94595619912779039, -0.60322637628604781, 0.056748640477972352, 0.5093549834044272, 0.90265504646500028, 0.98928300776290357, -0.73984643068423284, 0.23908327776368365, 0.3428970831319989, -0.8083948272382443, 0.99927977955428426, 0.85070807736935039, -0.41314972299796865, -0.16475613538346129, -0.68669411799385882, 0.97536120602286436, -0.93269681019507644, -0.5731940818513781, -0.018976570442055127, -0.54168730700744561, 0.91833929393558889, -0.98303021550095171, -0.71378449062394689, -0.99999998589322803, -0.83014935609195839, -0.37829585229862633, 0.20206521707521305, 2.6207543952420254e-017
0, 0.00012323040195046399, -0.00016438034691800322, 0.00067021741576171984, 0.00052266235522426224, 0.0024853944430451975, -0.003057876056548945, 0.0094654630511072733, -0.0082859040777029797, -0.039649924492604842, -0.044348900583068868, -0.15337548742812845, 0.14894025800485194, 0.53769214391373965, -0.56262325066935459, -0.90450214889680713, 0.93194174612328373, -0.36239225155326493, -0.11593973275965824, 0.82826858967622241, -0.99999999999998412, 0.76639728186833223, 0.1963835743340992, -0.45876986762653582, 0.91196440814693958, -0.96910533718023639, -0.60473295521367543, 0.022697563883127526, -0.64024389392990222, 0.97929172365691652, -0.89235758016784317, 0.41725666432800684, 0.23934678967111322, 0.79183674696920248, -0.99988551558038152, 0.77299392950447976, 0.2098575947752174, 0.44456472748547388, -0.90560577034542589, -0.97271721944393608, -0.61670625520523481, -0.0075658582408739345, 0.62854689748527504, -0.97611622553448585, -0.89908461122818317, -0.99999998419573821, -0.78250493731984105, -0.22462789826145074, 0.43096003202310806, -1.0348619919673637e-017
0, -9.337204242065862e-005, 0.00013387291279843416, -0.00053346069913538243, -0.00038769266398389502, -0.001754559849267379, 0.0023042487406746402, -0.0066785143733188966, 0.0055108450451647325, 0.024494443634330312, 0.028635314832510136, 0.096885868349368048, -0.091024943197514821, -0.367495186008029, 0.39776133797133267, 0.83623051131864379, -0.83617300178367882, -0.17877690241676672, 0.64474382248411111, -0.96277034270698392, 0.6940780722744041, -0.0097028742026112457, 0.68172628562185134, 0.99808646918170107, -0.7689690135047702, 0.12065239185990656, -0.59365341162701724, -0.98407806743903814, 0.83765545455301826, -0.23427194107532842, -0.49691277840600401, 0.9570194859793214, -0.89504882286518572, -0.34480729493756301, -0.39353498443361756, 0.91719437463528253, 0.94050196369366867, -0.45074289585788579, -0.28490736585146176, -0.86513374185026548, -0.97340865593659665, 0.55066551346062054, 0.1724790365850665, -0.80153208556521849, -0.99332992048280122, -0.99999998247904076, -0.72723787523242645, -0.057749799329430807, 0.64324216216974484, 3.6959356855977278e-017
0, 7.1423370952742031e-005, -0.00011189534492998298, 0.00043768861692802927, 0.00029158237653389345, 0.0012686932352564571, -0.0018087014908801232, 0.0049634624906934833, -0.0037953509907359419, -0.015739710900167524, -0.01956010783241913, -0.063425470190101585, 0.056764084378043568, 0.24384253009858528, -0.2756825319252898, -0.69633693703747612, 0.6678206836152405, 0.57411119861158366, -0.90860015584423082, 0.71983028751729705, -0.086323945660211648, -0.69158308720614325, -0.99976806770114146, -0.63277673623899999, -0.15802140441782989, 0.84294304972154599, 0.96209602502963121, 0.43527110074875075, 0.38379473182836665, -0.94517982613039919, 0.8719665016450252, -0.21331031259248517, -0.5885635284047126, -0.99527275197743814, 0.73375066746275575, 0.020415435865150065, 0.76087450924926958, -0.9904784752085497, 0.5550700354363115, -0.25301531641626307, -0.89122486734161066, 0.93106140167144058, -0.34577846310028315, -0.47166193755609087, -0.97242605271969518, -0.99999998075760244, -0.66429741262342701, 0.11741794787803606, 0.82029825627203368, 3.1180257420315378e-017
0, -5.4824172837464287e-005, 9.584079813918627e-005, -0.00036929991659658137, -0.00022082257210631319, -0.00093129068756560816, 0.0014724667310178001, -0.0038637282233838074, 0.0026789502966040241, 0.01045453657327103, 0.014121074508472159, 0.043461761985499031, -0.036277510686431126, -0.16015877915574392, 0.1922043955505382, 0.55211254331106707, -0.49890895895745951, -0.79598540722180777, 0.94963052965854966, -0.3093681339002749, -0.48650746585628063, 0.99315512665327477, 0.68122780732054555, -0.18724545221289335, 0.90140802861672464, -0.88377154248690426, -0.14831526820511287, 0.70760768356451154, -0.98873017257942564, 0.46670286844601938, 0.43442978269229932, -0.98267274294448914, 0.73268528510839359, -0.11246641511750879, 0.86626103461597059, -0.91638710376651444, -0.22212694394579083, -0.65256814067915181, 0.99717857505721741, 0.53177542887115858, -0.36559179069107606, 0.96598681012824372, -0.78170548943690921, -0.037559453710056021, -0.82631463994771859, -0.99999997904548255, -0.59384729700586247, 0.29469082439992539, 0.94384995801528815, 9.6766316132013233e-018
0, 4.1909444694100304e-005, -8.4031925862181257e-005, 0.00031990409007543673, 0.00016701522730036173, 0.00068725358499142344, -0.001239388245597913, 0.0031363103143575858, -0.0019164712081565357, -0.0071078381534796405, -0.010746989001166735, -0.031342926063645929, 0.023701234662946609, 0.10512867804621917, -0.13729761662141382, -0.43128142557904947, 0.35782468273108947, 0.88578842265979763, -0.8558004505059581, -0.10705957452582594, 0.85239619095254082, -0.8726598705326164, -0.034283278668283831, 0.83954123548793802, -0.89888223510271292, 0.088829431341833645, -0.80719283588815161, -0.92226855083989623, 0.14509688803749266, 0.7724481446944288, -0.9426916540477519, 0.20093202705329719, 0.73521845355675441, 0.96008489658597951, -0.25612119593177424, -0.69562589144828768, -0.97439260072730993, 0.31048723738617506, 0.65379771357530014, 0.98556878330533393, 0.36385542904437551, 0.60986834816820723, -0.99357752612317429, 0.41605425406715663, -0.56397896662036084, -0.99999997735608481, -0.51627709470589178, 0.46691596614534508, 0.9983930903231939, -1.3439766129446284e-018
0, -3.1559241397201288e-005, 7.5366020364113563e-005, -0.00028417391159846537, -0.00012472775140923059, -0.00050353200521840243, 0.0010762035555500911, -0.0026459848938408751, 0.0013705870102584756, 0.0048791243551236591, 0.008597831139913175, 0.023848215374449078, -0.015685654964892107, -0.06899411808179938, 0.10185522889768737, 0.33988220827689342, -0.24919769403168129, -0.89693691421478938, 0.70117336993076973, 0.44952040772079394, -0.98283343430944925, 0.47789642986563441, -0.58304173490339828, -0.98404070579710012, 0.26586465829940409, 0.75436678245934641, 0.91800247465976159, 0.039134633891445267, 0.88417093418363757, -0.80341883029356331, -0.18968994317078866, 0.96738814360386327, -0.64652718359234096, 0.40852548937054584, -0.99965949586085989, 0.45558722433435894, -0.60584668822028054, 0.97928537156834339, -0.24065448884899715, 0.77126193530712739, 0.90733874149653904, -0.013048067591931825, -0.89605989974410938, 0.78760855971764276, -0.21524549855108216, -0.99999997570206323, -0.43220354105677372, 0.62640023453924532, 0.97366829609956085, 3.6287368549504962e-018
0, 2.2993631391975648e-005, -6.9108889545252403e-005, 0.00025866205135079498, 9.0304337504138916e-005, 0.00035933662695664462, -0.00096260077129027728, 0.0023146614770754403, -0.00096037055805466302, -0.0033123417158285868, -0.0072123801832788539, -0.019162877566218123, 0.010326814639212456, 0.044785892835584512, -0.079277717895725019, -0.27507599739079713, 0.16806578655223725, 0.87156126982506732, -0.53100862968222584, -0.69767127757311109, 0.92181915249496338, 0.015209583332837808, 0.94248143397724726, 0.63330884755644135, 0.50973695050444279, -0.98286982232084052, -0.16347787815843567, 0.8709101917890647, -0.7599786264110332, -0.35038386915684677, 0.99996433387055028, -0.3345137333393392, -0.77084850255155524, -0.86248486820832282, -0.18011360056683204, 0.9858486443115666, 0.49511587154064651, 0.64673286776982664, -0.93807747159302413, 0.0042229251069159325, 0.94096984609324319, -0.64026806859121221, -0.5024361293163524, 0.98439765106781474, 0.17179953574466117, -0.99999997409510299, -0.34246104078202516, 0.76544089964777939, 0.86672836946363163, -7.6606666937843807e-018
0, -1.5647850171316513e-005, 6.4771934039418801e-005, -0.00024112599944344531, -6.117680795280111e-005, -0.00024092260423847007, 0.00088597519119892746, -0.0020961319235130059, 0.00063550180602999797, 0.0021420598639132586, 0.0063315384915707011, 0.016264576189728767, -0.0065228358466386024, -0.027879227432374639, 0.065244332402524571, 0.23180230763666815, -0.10708869527306196, -0.83665207896747862, 0.3664932181772606, 0.86070512376382935, -0.73111296090237277, -0.47134968200403138, -0.97173829619393082, -0.015188162573342968, -0.96470456167185248, 0.49437018917650855, -0.71943140997514243, -0.85132563031445341, -0.29703850765729417, 0.9987053455357231, -0.19848141139973513, -0.90022637661604443, 0.6451397086472811, -0.5801324399029355, 0.93297949591085194, 0.11722328132714674, 0.99114125698162892, -0.37454354453204824, -0.80530690820088247, -0.77410639119690627, 0.42122457864841784, -0.98310210453160618, 0.066553523845328019, 0.95008076219720095, 0.53794769229330908, -0.99999997254581263, -0.2480811162405222, 0.8769115397602909, 0.68317145726382456, -1.2095789516501654e-018
0, 9.0930244257866302e-006, -6.2037767529978378e-005, 0.00023013429498650371, 3.5445861922151406e-005, 0.00013865846797624836, -0.00083857016315795835, 0.0019630270620850827, -0.00036266513327924514, -0.0012042803222800402, -0.0058088837640258798, -0.014580975686030053, 0.0036095355087496701, 0.015251462269242313, -0.057106692310066223, -0.20553928684031503, 0.059349315726530162, 0.80734943853799179, -0.21357224790875931, -0.95636608615385399, 0.4639012922803824, 0.80830680478603489, 0.71049954194602227, -0.58900232500098415, 0.88770620133547584, 0.32173573408407924, 0.98442428094304524, -0.025889973610292574, 0.99220511123103639, -0.27229075659805052, -0.91037555321923935, 0.54587926986606505, 0.74632644435142348, 0.77016730446285198, 0.51487369028825614, -0.92489853353435048, 0.23692069023993623, -0.99609857790404677, 0.062429539030070806, -0.97733708457823421, -0.35614151378208164, -0.87030847702966418, 0.61768896304413612, 0.68467892580030343, 0.82345052408961861, -0.99999997106360994, -0.15026136359250672, 0.95484305704172168, 0.43721335744098799, -1.4649345081096447e-017
0, -2.9831387104767202e-006, 6.0715527928809986e-005, -0.00022483672655532728, -1.161192236682342e-005, -4.5274814950491991e-005, 0.00081589788495254451, -0.0018999493139849168, 0.00011792638642832527, 0.00038871898647094538, 0.0055650458953824811, 0.013805918460942552, -0.0011558683014675551, -0.0048535576891013633, 0.053372058020293489, 0.19317872031210057, -0.01899557121997875, -0.79119156181861838, 0.070033622055851258, 0.99999999999999134, -0.1584312875676071, -0.98477664634102891, -0.25870064616400812, 0.95211495340804519, -0.35457969651558863, -0.91600134355072538, -0.44678952564538349, 0.8710211874904753, -0.53445796529255629, -0.81722736576435628, 0.61671229532995897, 0.75515498304279915, -0.69271899694792782, 0.68543249238963289, -0.76170809746692192, -0.60876621659020502, -0.82298070151910441, -0.52593282457693069, 0.8759160859691153, -0.43777146139532191, -0.91997798804483577, -0.34517524722838872, 0.95472003794925175, 0.24908223029343241, 0.97979028239240318, -0.9999999696566354, -0.050325248780171895, 0.99493474243410307, 0.15046588164975358, -2.6879532258892565e-019
0, -2.9831387104157359e-006, -6.0715527928843874e-005, 0.00022483672655556044, -1.1611922365696709e-005, -4.5274814923257721e-005, -0.00081589788495337317, 0.0018999493139860131, 0.00011792638641880853, 0.00038871898633312187, -0.0055650458953867468, -0.013805918460943901, -0.0011558683014654071, -0.0048535576888005284, -0.05337205802030829, -0.19317872031210007, -0.018995571219968119, 0.79119156181860839, 0.070033622055988093, -1, -0.15843128756747435, 0.98477664634103868, -0.2587006461638286, -0.95211495340808872, -0.35457969651505183, 0.91600134355108687, -0.44678952564376184, -0.87102118749147417, -0.53445796529232437, 0.81722736576239619, 0.61671229533383787, -0.75515498304197537, -0.69271899694712458, -0.68543249238867987, -0.76170809746839174, 0.60876621659300922, -0.8229807015151549, 0.52593282457604684, 0.87591608597021775, 0.43777146138602835, -0.91997798803135078, 0.34517524713539405, 0.95472003784452586, -0.24908222860964277, 0.97979027897746052, -0.99999996833175564, 0.050325219256408524, 0.99493474107795821, -0.15046587850589313, 1.3036573145562894e-017
0, 9.0930244257091521e-006, 6.2037767529998328e-005, -0.00023013429498664105, 3.5445861921167282e-005, 0.00013865846794836116, 0.00083857016316159281, -0.0019630270620864059, -0.00036266513326969039, -0.0012042803221361316, 0.0058088837640417976, 0.014580975686031667, 0.0036095355087468681, 0.0152514622689198, 0.057106692310116537, 0.20553928684030973, 0.059349315726516569, -0.8073494385379667, -0.21357224790889986, 0.95636608615387564, 0.46390129228026566, -0.80830680478607297, 0.71049954194589482, 0.58900232500109162, 0.8877062013352085, -0.32173573408494183, 0.98442428094273116, 0.025889973612318429, 0.99220511123107191, 0.27229075660130536, -0.91037555321719954, -0.54587926986713364, 0.74632644435217144, -0.77016730446366943, 0.51487369028630647, 0.92489853353302942, 0.23692069024669896, 0.9960985779041166, 0.06242953903234804, 0.97733708457608559, -0.35614151374992054, 0.87030847698085601, 0.61768896276730723, -0.6846789245331707, 0.82345051440293626, -0.99999996709439298, 0.15026133436693928, 0.95484305303344219, -0.43721335458094651, -2.8089111210542734e-017
0, -1.5647850171219236e-005, -6.4771934039480641e-005, 0.00024112599944362735, -6.1176807951679327e-005, -0.00024092260420936472, -0.00088597519120507293, 0.0020961319235139864, 0.00063550180602024535, 0.0021420598637557388, -0.0063315384916013216, -0.016264576189728541, -0.0065228358466370749, -0.027879227432002412, -0.065244332402620453, -0.23180230763665247, -0.10708869527305022, 0.83665207896743077, 0.36649321817739766, -0.86070512376385699, -0.7311129609022885, 0.47134968200409738, -0.97173829619389118, 0.015188162573224537, -0.96470456167200347, -0.49437018917570341, -0.71943140997639854, 0.85132563031340824, -0.29703850765756479, -0.99870534553586954, -0.1984814114045784, 0.90022637661551896, 0.64513970864642289, 0.58013243990185936, 0.93297949591168661, -0.11722328133065243, 0.99114125698254563, 0.37454354453300737, -0.80530690819955586, 0.77410639120348768, 0.42122457867963109, 0.98310210454975344, 0.066553523494073091, -0.95008076165478494, 0.53794767790159848, -0.99999996594857843, 0.24808108760343531, 0.87691153327587268, -0.68317145494152343, -2.2847602420058682e-018
0, 2.2993631391896908e-005, 6.9108889545373969e-005, -0.00025866205135117787, 9.0304337502808939e-005, 0.0003593366269249478, 0.00096260077129936312, -0.0023146614770775424, -0.00096037055804336661, -0.0033123417156492446, 0.0072123801833258051, 0.019162877566217821, 0.010326814639209989, 0.044785892835130951, 0.079277717895879243, 0.27507599739077276, 0.16806578655222618, -0.87156126982499105, -0.53100862968236195, 0.69767127757314429, 0.92181915249492452, -0.015209583332911386, 0.94248143397730877, -0.63330884755635408, 0.50973695050493728, 0.98286982232065911, -0.16347787815665321, -0.87091019179007145, -0.75997862641085079, 0.35038386915367259, 0.99996433387060013, 0.33451373334054346, -0.77084850255227033, 0.86248486820895676, -0.18011360056459019, -0.98584864431219332, 0.49511587153459702, -0.64673286776900696, -0.93807747159385124, -0.0042229250965879622, 0.94096984610490386, 0.64026806866736263, -0.50243612962074724, -0.98439765137374624, 0.17179951892592016, -0.99999996489693976, 0.34246101300832565, 0.76544089096632972, -0.86672836787745489, 6.719883064723142e-018
0, -3.1559241397168938e-005, -7.5366020364169657e-005, 0.00028417391159890712, -0.00012472775140789328, -0.00050353200518305299, -0.0010762035555626197, 0.002645984893844384, 0.0013705870102461838, 0.0048791243549087242, -0.0085978311399819794, -0.023848215374451327, -0.015685654964888253, -0.068994118081216679, -0.10185522889792245, -0.33988220827685717, -0.24919769403167141, 0.89693691421468602, 0.70117336993090018, -0.44952040772083779, -0.98283343430946446, -0.47789642986557246, -0.58304173490355005, 0.9840407057970777, 0.26586465829884465, -0.75436678245994759, 0.91800247465904528, -0.039134633889427943, 0.88417093418377291, 0.80341883029555083, -0.18968994316593293, -0.96738814360357284, -0.64652718359147621, -0.40852548936933869, -0.9996594958608237, -0.45558722433123366, -0.60584668822580723, -0.97928537156853379, -0.2406544888512209, -0.7712619353005995, 0.90733874148209714, 0.013048067691046234, -0.89605989990042278, -0.78760856078891728, -0.2152455152236683, -0.99999996394074564, 0.43220351439918081, 0.62640022402314177, -0.97366829537459076, 1.2633380161679506e-017
0, 4.190944469404974e-005, 8.4031925862207399e-005, -0.00031990409007584867, 0.00016701522729900816, 0.00068725358495049416, 0.001239388245615512, -0.0031363103143618475, -0.001916471208142774, -0.0071078381532101061, 0.010746989001267639, 0.031342926063649905, 0.023701234662942498, 0.10512867804543061, 0.13729761662177165, 0.43128142557899707, 0.35782468273108048, -0.88578842265966806, -0.85580045050606879, 0.10705957452586966, 0.85239619095261565, 0.87265987053258165, -0.034283278668105037, -0.83954123548800152, -0.89888223510245291, -0.088829431340920556, -0.80719283588922364, 0.92226855083912163, 0.14509688803721607, -0.77244814469226863, -0.94269165404940114, -0.20093202705454868, 0.73521845355752435, -0.9600848965863068, -0.25612119593399746, 0.69562589145085429, -0.97439260072572875, -0.3104872373871756, 0.65379771357360816, -0.98556878330715136, 0.36385542901235646, -0.60986834808966872, -0.99357752608337602, -0.41605425564812121, -0.56397898071915376, -0.99999996307992001, 0.51627706938903806, 0.46691595421547477, -0.99839309050339609, -1.7740491290869094e-017
0, -5.4824172837244885e-005, -9.5840798139420919e-005, 0.00036929991659696029, -0.00022082257210493455, -0.00093129068751641943, -0.0014724667310419305, 0.003863728223388649, 0.0026789502965891359, 0.0104545365729143, -0.014121074508622608, -0.043461761985503881, -0.036277510686428774, -0.16015877915463486, -0.19220439555108504, -0.55211254331098625, -0.49890895895745951, 0.79598540722165823, 0.94963052965861527, 0.30936813390024187, -0.4865074658564052, -0.99315512665327532, 0.68122780732042976, 0.18724545221300706, 0.90140802861696168, 0.88377154248647438, -0.1483152682033208, -0.70760768356593873, -0.98873017257938989, -0.46670286844898679, 0.43442978268784976, 0.98267274294429208, 0.73268528510761477, 0.11246641511620731, 0.86626103461485338, 0.91638710376513366, -0.22212694393901325, 0.65256814067833446, 0.99717857505743757, -0.53177542887994844, -0.36559179072309572, -0.96598681010264087, -0.78170548921739247, 0.037559451972698839, -0.82631464956383505, -0.99999996231311405, 0.59384727322158126, 0.29469081150836002, -0.94384995906589353, 3.4405801291382483e-017
0, 7.142337095252431e-005, 0.0001118953449302048, -0.00043768861692846615, 0.00029158237653225083, 0.0012686932351961455, 0.0018087014909134169, -0.0049634624907005775, -0.0037953509907170738, -0.01573971089967377, 0.019560107832645033, 0.063425470190109134, 0.056764084378040147, 0.24384253009699608, 0.27568253192612041, 0.69633693703736999, 0.66782068361524682, -0.57411119861143201, -0.90860015584424469, -0.71983028751727374, -0.086323945660076049, 0.69158308720619766, -0.99976806770115156, 0.63277673623892072, -0.15802140441840784, -0.84294304972202905, 0.96209602502915292, -0.43527110074692499, 0.38379473182861656, 0.94517982612929174, 0.87196650164742928, 0.2133103125937445, -0.58856352840564896, 0.9952727519772564, 0.73375066746435513, -0.020415435868703161, 0.76087450925375677, 0.99047847520870236, 0.55507003543822653, 0.2530153164062654, -0.89122486735726258, -0.93106140170762963, -0.34577846276999774, 0.47166193602305823, -0.97242605670208027, -0.99999996163780225, 0.66429739052735548, 0.11741793448076251, -0.82029825809083678, -1.5858924032746613e-017
0, -9.3372042420389358e-005, -0.00013387291279873067, 0.00053346069913637621, -0.00038769266398179248, -0.0017545598491902764, -0.0023042487407203085, 0.0066785143733304195, 0.0055108450451398193, 0.024494443633607425, -0.028635314832859155, -0.096885868349382551, -0.0910249431975097, -0.36749518600573544, -0.39776133797257562, -0.83623051131851345, -0.83617300178369003, 0.17877690241663199, 0.64474382248405604, 0.9627703427069737, 0.69407807227432061, 0.0097028742025257204, 0.6817262856219809, -0.99808646918172439, -0.76896901350437685, -0.12065239185900829, -0.59365341162849383, 0.98407806743939241, 0.83765545455288393, 0.23427194107859076, -0.49691277840171533, -0.95701948597898645, -0.89504882286467435, 0.34480729493876594, -0.39353498443151008, -0.91719437463674336, 0.94050196369129335, 0.45074289585885463, -0.28490736584929849, 0.86513374184513003, -0.97340865592879677, -0.55066551354337612, 0.17247903693180264, 0.8015320845256515, -0.99332991851515917, -0.99999996105038369, 0.7272378549420323, -0.057749812797460442, -0.64324216460462291, -1.0751812903557026e-018
0, 0.00012323040195011902, 0.00016438034691842906, -0.00067021741576258156, 0.00052266235522199962, 0.0024853944429426237, 0.0030578760566140283, -0.0094654630511235328, -0.008285904077670464, -0.039649924491484419, 0.044348900583635838, 0.15337548742815091, 0.14894025800484298, 0.53769214391049014, 0.56262325067116925, 0.90450214889665537, 0.93194174612330194, 0.36239225155333432, -0.11593973275953816, -0.82826858967623174, -1, -0.76639728186826883, 0.19638357433394957, 0.45876986762664385, 0.91196440814715407, 0.96910533718001068, -0.60473295521222459, -0.022697563885146058, -0.64024389393012482, -0.97929172365621453, -0.89235758017006828, -0.41725666432917757, 0.23934678967222631, -0.79183674696836714, -0.99988551558044758, -0.77299392950227797, 0.20985759476842883, -0.44456472748449499, -0.90560577034452372, 0.97271721944640588, -0.61670625517825173, 0.007565858141756066, 0.62854689775906181, 0.97611622515681484, -0.89908460375511667, -0.99999996054629658, 0.782504918913701, -0.22462791140720559, -0.43096003489274853, -2.7417122904070417e-017
0, -0.00016507643437242139, -0.00020758640800926849, 0.00087084216951222493, -0.00071917600517082869, -0.0036395535671058733, -0.0042521566902229517, 0.014224366079391636, 0.013030115732774957, 0.066863797468060288, -0.072471720233831693, -0.24745545381343609, -0.24556611786525134, -0.73890514403265695, -0.75100092417976061, -0.78560670904860641, -0.82986924022760444, -0.87037807093993824, -0.55815372311865852, 0.2125858273858578, 0.66070545244725021, 0.96408696313327824, -0.94595619912778894, 0.60322637628594022, 0.056748640477428121, -0.50935498340523266, 0.90265504646575745, -0.98928300776263767, -0.739846430684025, -0.23908327776697186, 0.34289708312740136, 0.80839482723748846, 0.9992797795543662, -0.85070807736995357, -0.41314972300012809, 0.16475613538699607, -0.6866941179988495, -0.9753612060226593, -0.93269681019592332, 0.57319408185995169, -0.018976570407687705, 0.54168730692410083, 0.91833929407496406, 0.98303021581987982, -0.71378447866762473, -0.99999996012015058, 0.83014933961038351, -0.37829586478652261, -0.20206522018969211, 5.1071111291895879e-017
0, 0.00022566310646489254, 0.00027039711412742693, -0.0011756349169998635, 0.0010172247762459722, 0.0055668229090982905, 0.0062445872389655013, -0.022813598200871418, -0.021626541082077615, -0.11681212812343861, 0.12382878822888656, 0.3963757056116512, 0.39860104144298397, 0.90059556745938996, 0.88846167910358875, 0.35779551602948567, 0.3979841801832083, 0.99080665338051577, 0.99659235290212711, 0.61916203556240135, 0.26585723502042796, -0.2292401649545818, 0.68257537379788846, -0.95495210479417503, -0.97750991446949131, -0.74710526844878811, 0.32300645460908151, 0.18478849530175365, 0.64467914439014284, 0.93749182852098822, 0.98733794369403249, 0.78129870493837428, 0.37277268686996873, 0.13236368137576529, 0.60319576173508305, 0.91769945291738508, -0.99436580118771822, -0.8133254250193257, -0.42149800153579847, -0.079567761810913559, 0.56001219321322215, 0.89531998796746259, 0.99859045688835391, 0.84305931050221949, -0.46903507445944487, -0.99999995976587086, 0.87041653640474059, -0.5152499039117282, 0.026547533349225692, -1.182699419391273e-017
0, -0.00031668158040430104, -0.00036475165007357745, 0.0016595967834543231, -0.0014914174899780122, -0.0089988128181912371, -0.009781255273203943, 0.039212479353579174, 0.038116715628232913, 0.20806620945330154, -0.21708193248099045, -0.60542857429183949, -0.61299327935110526, -0.86497892792322473, -0.81807854494322729, 0.3559861660326531, 0.33808273623911583, -0.4118180549505695, -0.70372966117201985, -0.94580417438772624, -0.97823263037694352, -0.81811539907443365, 0.48781179493265087, -0.06378962003548308, 0.36889342115523105, 0.73111077722404116, -0.95282499416753119, 0.99102903268085873, 0.83839621254623387, 0.52432203011986267, 0.10928417804539986, -0.32679740222448678, -0.69995089140222, 0.93832188888276524, 0.99600969264963068, 0.86190594341636317, -0.56183364925129387, -0.15357470900840578, 0.28425656588157255, -0.66735141740481885, 0.92194112918698223, 0.99900192508602648, 0.88369498391213575, 0.59822380201085268, -0.19755868615173222, -0.9999999594768475, 0.90372003506806386, -0.63341981150018911, 0.24114831084971675, -4.0856889033516695e-017
0, 0.00045945870183779664, 0.00051238028100316713, -0.0024718890036743973, 0.0022905854967141949, 0.015570165228347553, 0.016525164973359131, -0.072050737620086402, -0.071277204242917044, -0.36653665955321685, 0.37780540051679945, 0.82608816042693156, 0.83754197463634528, 0.43122799532622674, 0.35412236662589297, -0.9650068562898293, -0.96009314530390888, -0.60043888732522432, -0.32053011872062337, 0.201481217789655, 0.48519051628031951, 0.76424329400337854, -0.94933094672186513, 0.99832753366772653, 0.90823804265660157, 0.69227544262744289, -0.38006607501823214, 0.015131490377562016, -0.35188658521724203, -0.67007153369832462, -0.89526471677947494, -0.99621341012937037, -0.95890802201343395, 0.78852578224919978, 0.508712266267072, 0.15829987606501017, 0.2140813043131593, 0.55675237136953393, 0.82215757864608519, -0.97346410317646548, 0.98967368915827703, 0.8685367770817275, 0.62686469657403754, 0.29819659755613898, 0.071855102207263211, -0.99999995924614371, 0.93061020913409154, -0.73207072860853517, 0.43193477679654285, -1.8278081936046946e-017
0, -0.00069542175245213098, -0.00075538657926697058, 0.0039336405886362695, -0.0037361616693238255, -0.029155565320660975, -0.030408457551625013, 0.13938164220915475, 0.13946512019693097, 0.60663129573083052, -0.61871062674481803, -0.88827248545473314, -0.89621341934594834, 0.39272905969017879, 0.4618352161869696, 0.77012649705352199, 0.74095759524745308, 0.93716937924469412, 0.99592385884785306, 0.86677956394324707, 0.76446264516056939, 0.54568785481534321, -0.25568598112371727, -0.056529390811427417, -0.35944093731719129, -0.62826723464978529, 0.83674736036886455, -0.96442784088372224, -0.9990140010891313, -0.93717675543564993, -0.78488380611122288, -0.55683442381340709, -0.27503977500058985, -0.033301522304181944, -0.33842857985510327, -0.61089074576003699, 0.82439016085517791, 0.95832000976950749, 0.99975347644424328, -0.94469143142853518, 0.79844842508759051, 0.5751397309192019, 0.29631894903592992, -0.011102331920048253, 0.3174520254763733, -0.99999995906651118, 0.95174034610730596, -0.81161937704632159, 0.59316146635666112, -3.9781707743160997e-017
0, 0.0011114871134712688, 0.0011818815801568833, -0.0068035205712646896, 0.0065898237240197277, 0.059268077299078598, 0.061058722589947614, -0.27401121122678657, -0.27594356838257089, -0.8635736950022137, 0.8707397485969196, 0.50449337530416871, 0.49740110395046527, -0.99999999999409006, -1, 0.35744560779778412, 0.40884244057687746, 0.1310343110976602, -0.14911457441778672, -0.51755055857938492, -0.6743308538305538, -0.82840426881381424, 0.94529640799731285, -0.99731401878598791, -0.98394958313693015, -0.90749399469177361, 0.77258187104313403, -0.5879735724722801, -0.36554919833466304, -0.11960564151541324, 0.13403339396431585, 0.37904920266420439, 0.59967843959608769, -0.78172668015489499, -0.91348164270834109, -0.98646672132783264, 0.99598633768830247, 0.94142803641180028, 0.82630188807238192, -0.65801466479729975, 0.4473933171418768, 0.20798840989141246, -0.044797669108121121, -0.29470163875580491, 0.52564564363151545, -0.99999995893083171, 0.96783192880145075, -0.87339728769321434, 0.72277163356748841, 6.451087742134216e-018
0, -0.0019083930136288992, -0.0019948803385355994, 0.013068818207935635, -0.012851998375383344, -0.12877190069545752, -0.13153360713993312, 0.5131493603447902, 0.51799236552774042, 0.87710769039020231, -0.8684474660542898, 0.39401625989096267, 0.41441312590501456, 0.44307956706790369, 0.37031206479847206, -0.96456333460819155, -0.95304374640137623, -0.99999999999984668, -0.99054219082143058, -0.84243404266666244, -0.8024904595127913, -0.68603083130057552, 0.51892563993487928, -0.33323800905945677, -0.13808228215009224, 0.063234458326400345, -0.26236025040172412, 0.45076081560174064, 0.62078793553894118, 0.76553914765637243, 0.87911924374621531, 0.95690292411859657, 0.99572297934583776, -0.99399872101627385, -0.95180035814089714, -0.87084614337343191, 0.75443240827428915, 0.60729934173190714, 0.43543797671894807, -0.24584624462260937, 0.046244030216418631, -0.15524117020768197, -0.35040518813410437, -0.5313012436848743, 0.69056352784767883, -0.99999995883184678, 0.97964076589582039, -0.91939206226073389, 0.8217071217116596, 4.945833935636232e-017
0, 0.0036092999002720937, 0.0037223592424870636, -0.028483609329842931, 0.028326201807208535, 0.28494521072831763, 0.28923344782805838, -0.81704522874708574, -0.82362549050769596, -0.24938884654805923, 0.21965867770731418, -1, -0.99999999999997602, 0.83172712149231498, 0.85877233116866192, -0.25457275829334097, -0.32579684704322737, -0.23310974901710613, -0.011707611635865636, 0.2682075400607411, 0.35808003989117804, 0.48077947905558888, -0.61741181883568941, 0.7342965483963273, 0.83008125824881374, 0.90631719343988026, -0.96086386403036006, 0.99218306689842273, 0.99953678502182941, 0.98275263258128998, 0.94223550580778592, 0.87896391083280423, 0.79446582142664934, -0.69078181663057148, -0.57041580860242636, -0.43627457066887804, 0.29159754039003877, 0.13987858895156374, -0.015218353932228503, 0.16994778189817608, -0.32057306385294487, -0.4634566815726206, -0.59514807385394264, -0.71246696546674615, 0.81258017003351202, -0.99999995876292569, 0.98792527314655876, -0.95199269175477452, 0.8930700066620918, -7.7413052905610586e-017
0, -0.0077978943727950896, -0.0079596711259199791, 0.07078965225009147, -0.070922944216714232, -0.58198558589158622, -0.58746835177484724, 0.86543050295762536, 0.86643722205259599, -0.80936718128271601, 0.83439636266735817, 0.11420688452951146, 0.074944039997040496, -0.44449796533148922, -0.36394514053482474, 0.89879256308399702, 0.84977617933012251, 0.83524221842994961, 0.93554279593152079, 0.96193226978794222, 0.9953943432506337, 0.99911571410340771, -0.98801013840686136, 0.96305258992323139, 0.92617559027661911, 0.87703259200600781, -0.8161947623260789, 0.7446281710465994, 0.66327087663372386, 0.57318103395566999, 0.47554519567891185, 0.37164915953224026, 0.26286062435314389, -0.15061170795391851, -0.036380091071468411, 0.07833044490069245, -0.19200981398933131, -0.30316150483118598, -0.41032228124000225, 0.51208144469201289, -0.60709940519933814, -0.69412531610650063, -0.77201354068252903, -0.83973873351367545, 0.89640933902952247, -0.99999995871746017, 0.99341784090712282, -0.97375801387759942, 0.94127932637873979, -1.7202900645691242e-017
0, 0.02016146321875965, 0.020426959001746885, -0.19200430807590274, 0.19311568395557921, 0.90629550054261376, 0.90856764202022455, -0.091338145856533645, -0.079503753574247257, 0.7031022703845109, -0.6823504805722429, 0.97358366016032905, 0.97758425013986283, -0.98548933010297191, -0.98617690328351348, 0.76891597557570857, 0.83219500096826293, 0.88151670788138026, 0.77201500354008301, 0.59616005022090879, 0.60828497513196333, 0.56620248860768196, -0.49033850099813675, 0.41551372056542618, 0.34241019903297726, 0.2665519123954459, -0.18859086107523623, 0.10946487846648563, 0.029659691728384733, -0.050337121390758154, -0.13001241313145348, -0.20885554954531033, -0.28636194345704896, 0.36203554368991103, 0.43539201831361313, 0.50596186591628878, -0.57329342032338537, -0.63695574131720856, -0.69654137278312234, 0.75166895052149962, -0.80198564307378017, -0.84716940994926837, -0.88693106280051959, -0.9210161162327859, 0.94920641685558338, -0.99999995868975633, 0.99679986430445477, -0.98721993925594631, 0.97132153860816917, -1.9353263226402649e-016
0, -0.064303015034457983, -0.064827116909188395, 0.49593437874852064, -0.49916124315321247, -0.60869393040117759, -0.59894981820870574, -0.9792066252688959, -0.98405423680788329, 0.84236341864328323, -0.86339391733510296, 0.39128732192415966, 0.43389677669186755, -0.36190247153744043, -0.43010614446680889, -0.056833401122789652, 0.050115037077435851, 0.19103762073261035, 0.015915106606290173, -0.15436192560825826, -0.14457529630096341, -0.17094754562703399, 0.23039239926430458, -0.28377759268871239, -0.33170841148515745, -0.37938833323233495, 0.4264566410772756, -0.47235786723690759, -0.51699331474989896, -0.56026624526472391, -0.60206139926842828, -0.64226791025138874, -0.68077971462615872, 0.71749520314740811, 0.7523174974534339, 0.78515471482626265, -0.8159202104560106, -0.84453280601260483, -0.87091700385205062, 0.89500318621328723, -0.91672779890672385, -0.93603351901780274, -0.95286940617540972, -0.96719103692718311, 0.97896062207169099, -0.99999995867444924, 0.99868069200704235, -0.99472624930193254, 0.98814710598828437, 2.1503625807114054e-016
0, 0.23573725489361086, 0.23688444056557323, -0.8958053037630278, 0.89941477879055409, -0.71688770930368906, -0.73009471386771907, 0.030832483240544727, 0.0081913268159765507, -0.055460259775983803, 0.016492700529472857, -0.50173760477565188, -0.45783407538998933, 0.41581372493836138, 0.33307768897331558, -0.72505156721471031, -0.63609833591548826, -0.46295237785891336, -0.61053529312918908, -0.70198406864411667, -0.69688378457773714, -0.70030518706388445, 0.72761662042031627, -0.74994771163459228, -0.76811155422681532, -0.78610035470754291, 0.8037128552821603, -0.82062080504480373, -0.8368265758841682, -0.85233137046844765, -0.86712142102043066, -0.88118391856547074, -0.89450708203000917, 0.90707973878627335, 0.91889133996705785, 0.92993197539683969, -0.94019238178831954, -0.94966395048100649, -0.95833873466856767, 0.96620945605900233, -0.97326951097764558, -0.97951297591326592, -0.98493461249541925, -0.98952987187328545, 0.99329489857050457, -0.99999995866734415, 0.99958049132948346, -0.99832231733508769, 0.99622653359726321, -7.7413052905610586e-017
0, -0.72287528331408335, -0.72433346539115484, 0.29499075233885391, -0.29042466435472264, 0.44031991506501705, 0.42750746611930368, 0.81335910114026921, 0.80235376453522245, -0.74576969179562114, 0.72355873035190199, -0.91003978965861099, -0.89453307347151767, 0.84714519823861301, 0.7931679604425721, -0.96798369596762768, -0.93520017486985341, -0.8316883795288994, -0.91034066850390993, -0.92259513826107886, -0.93715958955857892, -0.93572237097992905, 0.94342206443648047, -0.94888991102177089, -0.95256909810267354, -0.95630785674483498, 0.96001696066158604, -0.96355252198733521, -0.96692165353139303, -0.97013049226274584, -0.97317815746466418, -0.97606396292404107, -0.97878743665170032, 0.98134812825941475, 0.98374561179329356, 0.98597948851108785, -0.98804938689522515, -0.98995496269992167, -0.9916958990104674, 0.99327190629259454, -0.99468272243899347, -0.99592811281538651, -0.99700787030300553, -0.99792181532620539, 0.99866979589216087, -0.99999995866488223, 0.99991684495511279, -0.99966739365980684, 0.99925168758953142, 3.0965221162244234e-016
0, 0.61118972088517298, 0.60821526786044711, 1, -0.99999999999486644, 0.91400275492515559, 0.90832557054147722, 1, 0.99999999999483447, -0.96135894166269442, 0.95280749204326665, -0.98675936307863665, -0.98915063801642156, 0.97089490119363331, 0.93769674388241053, -0.99999999999990319, -1, -0.94974769841126838, -0.98976645875618352, -0.96669049509396643, -0.99416438432446563, -0.99465514244721376, 0.99615918402727888, -0.99689624813306499, -0.99703279040795567, -0.99723758655245509, 0.99747871534186039, -0.99770446178788152, -0.99791759113108858, -0.99812051121858836, -0.99831309562903048, -0.99849527798813664, -0.99866705923785803, 0.9988284385029661, 0.99897941407209467, 0.99911998436669935, -0.99925014792231615, -0.99936990338297438, -0.99947924950175848, 0.99957818513996965, -0.99966670926678192, -0.99974482095961592, -0.99981251940588534, -0.99986980389963864, 0.99991667384537231, -0.99999995866442959, 0.99999479204703723, -0.99997916824432787, 0.99995312875277875, 3.4405801291382487e-016
0.00062460961898813336, 0.99999999999720246, 1, 0.95206330083688206, -0.95647924201795431, 0.9999999999668886, 1, 0.97236732204372722, 0.97923217054220646, -0.99999999997491584, 1, -0.96555256191611993, -0.97817153707680737, 0.99194890772874278, 0.971891178418965, -0.97667174823311143, -0.99544791937503119, -0.98156740853972391, -1, -0.96066385168507984, -0.99637619138595257, -0.999999999999998, 1, -1, -1, -1, 0.99999999999996325, -1, -0.99999999999995637, -1, -0.99999999999997446, -1, -1, 1, 1, 1, -1, -1, -1, 0.99999999999998357, -1, -0.99999999999977873, -1, -0.99999999999971356, 1, -0.99999995866445224, 0.99999999999969313, -1, 0.99999999999971267, 1
