0, 0, 0, 0, 0, 0, 0, 0, 0, 0, 0, 0, 0, 0, 0, 0, 0, 0, 0, 0, 0, 0, 0, 0, 0, 0, 0, 0, 0, 0, 0, 0, 0, 0, 0, 0, 0, 0, 0, 0, 0, 0, 0, 0, 0, 0, 0, 0, 0, 0, 0, 0, 0, 0, 0, 0, 0, 0, 0, 0, 0, 0, 0, 0, 0, 0, 0, 0, 0, 0, 0, 0, 0, 0, 0, 0, 0, 0, 0, 0, 0, 0, 0, 0, 0, 0, 0, 0, 0, 0
0.017649396930279736, 0.017649396930279736, 0.017649396930279736, 0.017649396930279736, 0.017649396930279736, 0.017649396930279736, 0.017649396930279736, 0.017649396930279736, 0.017649396930279736, 0.017649396930279736, 0.017649396930279736, 0.017649396930279736, 0.017649396930279736, 0.017649396930279736, 0.017649396930279736, 0.017649396930279736, 0.017649396930279736, 0.017649396930279736, 0.017649396930279736, 0.017649396930279736, 0.017649396930279736, 0.017649396930279736, 0.017649396930279736, 0.017649396930279736, 0.017649396930279736, 0.017649396930279736, 0.017649396930279736, 0.017649396930279736, 0.017649396930279736, 0.017649396930279736, 0.017649396930279736, 0.017649396930279736, 0.017649396930279736, 0.017649396930279736, 0.017649396930279736, 0.017649396930279736, 0.017649396930279736, 0.017649396930279736, 0.017649396930279736, 0.017649396930279736, 0.017649396930279736, 0.017649396930279736, 0.017649396930279736, 0.017649396930279736, 0.017649396930279736, 0.017649396930279736, 0.017649396930279736, 0.017649396930279736, 0.017649396930279736, 0.017649396930279736, 0.017649396930279736, 0.017649396930279736, 0.017649396930279736, 0.017649396930279736, 0.017649396930279736, 0.017649396930279736, 0.017649396930279736, 0.017649396930279736, 0.017649396930279736, 0.017649396930279736, 0.017649396930279736, 0.017649396930279736, 0.017649396930279736, 0.017649396930279736, 0.017649396930279736, 0.017649396930279736, 0.017649396930279736, 0.017649396930279736, 0.017649396930279736, 0.017649396930279736, 0.017649396930279736, 0.017649396930279736, 0.017649396930279736, 0.017649396930279736, 0.017649396930279736, 0.017649396930279736, 0.017649396930279736, 0.017649396930279736, 0.017649396930279736, 0.017649396930279736, 0.017649396930279736, 0.017649396930279736, 0.017649396930279736, 0.017649396930279736, 0.017649396930279736, 0.017649396930279736, 0.017649396930279736, 0.017649396930279736, 0.017649396930279736, 0.017649396930279736
0.035298793860559473, 0.035298793860559473, 0.035298793860559473, 0.035298793860559473, 0.035298793860559473, 0.035298793860559473, 0.035298793860559473, 0.035298793860559473, 0.035298793860559473, 0.035298793860559473, 0.035298793860559473, 0.035298793860559473, 0.035298793860559473, 0.035298793860559473, 0.035298793860559473, 0.035298793860559473, 0.035298793860559473, 0.035298793860559473, 0.035298793860559473, 0.035298793860559473, 0.035298793860559473, 0.035298793860559473, 0.035298793860559473, 0.035298793860559473, 0.035298793860559473, 0.035298793860559473, 0.035298793860559473, 0.035298793860559473, 0.035298793860559473, 0.035298793860559473, 0.035298793860559473, 0.035298793860559473, 0.035298793860559473, 0.035298793860559473, 0.035298793860559473, 0.035298793860559473, 0.035298793860559473, 0.035298793860559473, 0.035298793860559473, 0.035298793860559473, 0.035298793860559473, 0.035298793860559473, 0.035298793860559473, 0.035298793860559473, 0.035298793860559473, 0.035298793860559473, 0.035298793860559473, 0.035298793860559473, 0.035298793860559473, 0.035298793860559473, 0.035298793860559473, 0.035298793860559473, 0.035298793860559473, 0.035298793860559473, 0.035298793860559473, 0.035298793860559473, 0.035298793860559473, 0.035298793860559473, 0.035298793860559473, 0.035298793860559473, 0.035298793860559473, 0.035298793860559473, 0.035298793860559473, 0.035298793860559473, 0.035298793860559473, 0.035298793860559473, 0.035298793860559473, 0.035298793860559473, 0.035298793860559473, 0.035298793860559473, 0.035298793860559473, 0.035298793860559473, 0.035298793860559473, 0.035298793860559473, 0.035298793860559473, 0.035298793860559473, 0.035298793860559473, 0.035298793860559473, 0.035298793860559473, 0.035298793860559473, 0.035298793860559473, 0.035298793860559473, 0.035298793860559473, 0.035298793860559473, 0.035298793860559473, 0.035298793860559473, 0.035298793860559473, 0.035298793860559473, 0.035298793860559473, 0.035298793860559473
0.052948190790839213, 0.052948190790839213, 0.052948190790839213, 0.052948190790839213, 0.052948190790839213, 0.052948190790839213, 0.052948190790839213, 0.052948190790839213, 0.052948190790839213, 0.052948190790839213, 0.052948190790839213, 0.052948190790839213, 0.052948190790839213, 0.052948190790839213, 0.052948190790839213, 0.052948190790839213, 0.052948190790839213, 0.052948190790839213, 0.052948190790839213, 0.052948190790839213, 0.052948190790839213, 0.052948190790839213, 0.052948190790839213, 0.052948190790839213, 0.052948190790839213, 0.052948190790839213, 0.052948190790839213, 0.052948190790839213, 0.052948190790839213, 0.052948190790839213, 0.052948190790839213, 0.052948190790839213, 0.052948190790839213, 0.052948190790839213, 0.052948190790839213, 0.052948190790839213, 0.052948190790839213, 0.052948190790839213, 0.052948190790839213, 0.052948190790839213, 0.052948190790839213, 0.052948190790839213, 0.052948190790839213, 0.052948190790839213, 0.052948190790839213, 0.052948190790839213, 0.052948190790839213, 0.052948190790839213, 0.052948190790839213, 0.052948190790839213, 0.052948190790839213, 0.052948190790839213, 0.052948190790839213, 0.052948190790839213, 0.052948190790839213, 0.052948190790839213, 0.052948190790839213, 0.052948190790839213, 0.052948190790839213, 0.052948190790839213, 0.052948190790839213, 0.052948190790839213, 0.052948190790839213, 0.052948190790839213, 0.052948190790839213, 0.052948190790839213, 0.052948190790839213, 0.052948190790839213, 0.052948190790839213, 0.052948190790839213, 0.052948190790839213, 0.052948190790839213, 0.052948190790839213, 0.052948190790839213, 0.052948190790839213, 0.052948190790839213, 0.052948190790839213, 0.052948190790839213, 0.052948190790839213, 0.052948190790839213, 0.052948190790839213, 0.052948190790839213, 0.052948190790839213, 0.052948190790839213, 0.052948190790839213, 0.052948190790839213, 0.052948190790839213, 0.052948190790839213, 0.052948190790839213, 0.052948190790839213
0.070597587721118946, 0.070597587721118946, 0.070597587721118946, 0.070597587721118946, 0.070597587721118946, 0.070597587721118946, 0.070597587721118946, 0.070597587721118946, 0.070597587721118946, 0.070597587721118946, 0.070597587721118946, 0.070597587721118946, 0.070597587721118946, 0.070597587721118946, 0.070597587721118946, 0.070597587721118946, 0.070597587721118946, 0.070597587721118946, 0.070597587721118946, 0.070597587721118946, 0.070597587721118946, 0.070597587721118946, 0.070597587721118946, 0.070597587721118946, 0.070597587721118946, 0.070597587721118946, 0.070597587721118946, 0.070597587721118946, 0.070597587721118946, 0.070597587721118946, 0.070597587721118946, 0.070597587721118946, 0.070597587721118946, 0.070597587721118946, 0.070597587721118946, 0.070597587721118946, 0.070597587721118946, 0.070597587721118946, 0.070597587721118946, 0.070597587721118946, 0.070597587721118946, 0.070597587721118946, 0.070597587721118946, 0.070597587721118946, 0.070597587721118946, 0.070597587721118946, 0.070597587721118946, 0.070597587721118946, 0.070597587721118946, 0.070597587721118946, 0.070597587721118946, 0.070597587721118946, 0.070597587721118946, 0.070597587721118946, 0.070597587721118946, 0.070597587721118946, 0.070597587721118946, 0.070597587721118946, 0.070597587721118946, 0.070597587721118946, 0.070597587721118946, 0.070597587721118946, 0.070597587721118946, 0.070597587721118946, 0.070597587721118946, 0.070597587721118946, 0.070597587721118946, 0.070597587721118946, 0.070597587721118946, 0.070597587721118946, 0.070597587721118946, 0.070597587721118946, 0.070597587721118946, 0.070597587721118946, 0.070597587721118946, 0.070597587721118946, 0.070597587721118946, 0.070597587721118946, 0.070597587721118946, 0.070597587721118946, 0.070597587721118946, 0.070597587721118946, 0.070597587721118946, 0.070597587721118946, 0.070597587721118946, 0.070597587721118946, 0.070597587721118946, 0.070597587721118946, 0.070597587721118946, 0.070597587721118946
0.088246984651398686, 0.088246984651398686, 0.088246984651398686, 0.088246984651398686, 0.088246984651398686, 0.088246984651398686, 0.088246984651398686, 0.088246984651398686, 0.088246984651398686, 0.088246984651398686, 0.088246984651398686, 0.088246984651398686, 0.088246984651398686, 0.088246984651398686, 0.088246984651398686, 0.088246984651398686, 0.088246984651398686, 0.088246984651398686, 0.088246984651398686, 0.088246984651398686, 0.088246984651398686, 0.088246984651398686, 0.088246984651398686, 0.088246984651398686, 0.088246984651398686, 0.088246984651398686, 0.088246984651398686, 0.088246984651398686, 0.088246984651398686, 0.088246984651398686, 0.088246984651398686, 0.088246984651398686, 0.088246984651398686, 0.088246984651398686, 0.088246984651398686, 0.088246984651398686, 0.088246984651398686, 0.088246984651398686, 0.088246984651398686, 0.088246984651398686, 0.088246984651398686, 0.088246984651398686, 0.088246984651398686, 0.088246984651398686, 0.088246984651398686, 0.088246984651398686, 0.088246984651398686, 0.088246984651398686, 0.088246984651398686, 0.088246984651398686, 0.088246984651398686, 0.088246984651398686, 0.088246984651398686, 0.088246984651398686, 0.088246984651398686, 0.088246984651398686, 0.088246984651398686, 0.088246984651398686, 0.088246984651398686, 0.088246984651398686, 0.088246984651398686, 0.088246984651398686, 0.088246984651398686, 0.088246984651398686, 0.088246984651398686, 0.088246984651398686, 0.088246984651398686, 0.088246984651398686, 0.088246984651398686, 0.088246984651398686, 0.088246984651398686, 0.088246984651398686, 0.088246984651398686, 0.088246984651398686, 0.088246984651398686, 0.088246984651398686, 0.088246984651398686, 0.088246984651398686, 0.088246984651398686, 0.088246984651398686, 0.088246984651398686, 0.088246984651398686, 0.088246984651398686, 0.088246984651398686, 0.088246984651398686, 0.088246984651398686, 0.088246984651398686, 0.088246984651398686, 0.088246984651398686, 0.088246984651398686
0.10589638158167843, 0.10589638158167843, 0.10589638158167843, 0.10589638158167843, 0.10589638158167843, 0.10589638158167843, 0.10589638158167843, 0.10589638158167843, 0.10589638158167843, 0.10589638158167843, 0.10589638158167843, 0.10589638158167843, 0.10589638158167843, 0.10589638158167843, 0.10589638158167843, 0.10589638158167843, 0.10589638158167843, 0.10589638158167843, 0.10589638158167843, 0.10589638158167843, 0.10589638158167843, 0.10589638158167843, 0.10589638158167843, 0.10589638158167843, 0.10589638158167843, 0.10589638158167843, 0.10589638158167843, 0.10589638158167843, 0.10589638158167843, 0.10589638158167843, 0.10589638158167843, 0.10589638158167843, 0.10589638158167843, 0.10589638158167843, 0.10589638158167843, 0.10589638158167843, 0.10589638158167843, 0.10589638158167843, 0.10589638158167843, 0.10589638158167843, 0.10589638158167843, 0.10589638158167843, 0.10589638158167843, 0.10589638158167843, 0.10589638158167843, 0.10589638158167843, 0.10589638158167843, 0.10589638158167843, 0.10589638158167843, 0.10589638158167843, 0.10589638158167843, 0.10589638158167843, 0.10589638158167843, 0.10589638158167843, 0.10589638158167843, 0.10589638158167843, 0.10589638158167843, 0.10589638158167843, 0.10589638158167843, 0.10589638158167843, 0.10589638158167843, 0.10589638158167843, 0.10589638158167843, 0.10589638158167843, 0.10589638158167843, 0.10589638158167843, 0.10589638158167843, 0.10589638158167843, 0.10589638158167843, 0.10589638158167843, 0.10589638158167843, 0.10589638158167843, 0.10589638158167843, 0.10589638158167843, 0.10589638158167843, 0.10589638158167843, 0.10589638158167843, 0.10589638158167843, 0.10589638158167843, 0.10589638158167843, 0.10589638158167843, 0.10589638158167843, 0.10589638158167843, 0.10589638158167843, 0.10589638158167843, 0.10589638158167843, 0.10589638158167843, 0.10589638158167843, 0.10589638158167843, 0.10589638158167843
0.12354577851195815, 0.12354577851195815, 0.12354577851195815, 0.12354577851195815, 0.12354577851195815, 0.12354577851195815, 0.12354577851195815, 0.12354577851195815, 0.12354577851195815, 0.12354577851195815, 0.12354577851195815, 0.12354577851195815, 0.12354577851195815, 0.12354577851195815, 0.12354577851195815, 0.12354577851195815, 0.12354577851195815, 0.12354577851195815, 0.12354577851195815, 0.12354577851195815, 0.12354577851195815, 0.12354577851195815, 0.12354577851195815, 0.12354577851195815, 0.12354577851195815, 0.12354577851195815, 0.12354577851195815, 0.12354577851195815, 0.12354577851195815, 0.12354577851195815, 0.12354577851195815, 0.12354577851195815, 0.12354577851195815, 0.12354577851195815, 0.12354577851195815, 0.12354577851195815, 0.12354577851195815, 0.12354577851195815, 0.12354577851195815, 0.12354577851195815, 0.12354577851195815, 0.12354577851195815, 0.12354577851195815, 0.12354577851195815, 0.12354577851195815, 0.12354577851195815, 0.12354577851195815, 0.12354577851195815, 0.12354577851195815, 0.12354577851195815, 0.12354577851195815, 0.12354577851195815, 0.12354577851195815, 0.12354577851195815, 0.12354577851195815, 0.12354577851195815, 0.12354577851195815, 0.12354577851195815, 0.12354577851195815, 0.12354577851195815, 0.12354577851195815, 0.12354577851195815, 0.12354577851195815, 0.12354577851195815, 0.12354577851195815, 0.12354577851195815, 0.12354577851195815, 0.12354577851195815, 0.12354577851195815, 0.12354577851195815, 0.12354577851195815, 0.12354577851195815, 0.12354577851195815, 0.12354577851195815, 0.12354577851195815, 0.12354577851195815, 0.12354577851195815, 0.12354577851195815, 0.12354577851195815, 0.12354577851195815, 0.12354577851195815, 0.12354577851195815, 0.12354577851195815, 0.12354577851195815, 0.12354577851195815, 0.12354577851195815, 0.12354577851195815, 0.12354577851195815, 0.12354577851195815, 0.12354577851195815
0.14119517544223789, 0.14119517544223789, 0.14119517544223789, 0.14119517544223789, 0.14119517544223789, 0.14119517544223789, 0.14119517544223789, 0.14119517544223789, 0.14119517544223789, 0.14119517544223789, 0.14119517544223789, 0.14119517544223789, 0.14119517544223789, 0.14119517544223789, 0.14119517544223789, 0.14119517544223789, 0.14119517544223789, 0.14119517544223789, 0.14119517544223789, 0.14119517544223789, 0.14119517544223789, 0.14119517544223789, 0.14119517544223789, 0.14119517544223789, 0.14119517544223789, 0.14119517544223789, 0.14119517544223789, 0.14119517544223789, 0.14119517544223789, 0.14119517544223789, 0.14119517544223789, 0.14119517544223789, 0.14119517544223789, 0.14119517544223789, 0.14119517544223789, 0.14119517544223789, 0.14119517544223789, 0.14119517544223789, 0.14119517544223789, 0.14119517544223789, 0.14119517544223789, 0.14119517544223789, 0.14119517544223789, 0.14119517544223789, 0.14119517544223789, 0.14119517544223789, 0.14119517544223789, 0.14119517544223789, 0.14119517544223789, 0.14119517544223789, 0.14119517544223789, 0.14119517544223789, 0.14119517544223789, 0.14119517544223789, 0.14119517544223789, 0.14119517544223789, 0.14119517544223789, 0.14119517544223789, 0.14119517544223789, 0.14119517544223789, 0.14119517544223789, 0.14119517544223789, 0.14119517544223789, 0.14119517544223789, 0.14119517544223789, 0.14119517544223789, 0.14119517544223789, 0.14119517544223789, 0.14119517544223789, 0.14119517544223789, 0.14119517544223789, 0.14119517544223789, 0.14119517544223789, 0.14119517544223789, 0.14119517544223789, 0.14119517544223789, 0.14119517544223789, 0.14119517544223789, 0.14119517544223789, 0.14119517544223789, 0.14119517544223789, 0.14119517544223789, 0.14119517544223789, 0.14119517544223789, 0.14119517544223789, 0.14119517544223789, 0.14119517544223789, 0.14119517544223789, 0.14119517544223789, 0.14119517544223789
0.15884457237251762, 0.15884457237251762, 0.15884457237251762, 0.15884457237251762, 0.15884457237251762, 0.15884457237251762, 0.15884457237251762, 0.15884457237251762, 0.15884457237251762, 0.15884457237251762, 0.15884457237251762, 0.15884457237251762, 0.15884457237251762, 0.15884457237251762, 0.15884457237251762, 0.15884457237251762, 0.15884457237251762, 0.15884457237251762, 0.15884457237251762, 0.15884457237251762, 0.15884457237251762, 0.15884457237251762, 0.15884457237251762, 0.15884457237251762, 0.15884457237251762, 0.15884457237251762, 0.15884457237251762, 0.15884457237251762, 0.15884457237251762, 0.15884457237251762, 0.15884457237251762, 0.15884457237251762, 0.15884457237251762, 0.15884457237251762, 0.15884457237251762, 0.15884457237251762, 0.15884457237251762, 0.15884457237251762, 0.15884457237251762, 0.15884457237251762, 0.15884457237251762, 0.15884457237251762, 0.15884457237251762, 0.15884457237251762, 0.15884457237251762, 0.15884457237251762, 0.15884457237251762, 0.15884457237251762, 0.15884457237251762, 0.15884457237251762, 0.15884457237251762, 0.15884457237251762, 0.15884457237251762, 0.15884457237251762, 0.15884457237251762, 0.15884457237251762, 0.15884457237251762, 0.15884457237251762, 0.15884457237251762, 0.15884457237251762, 0.15884457237251762, 0.15884457237251762, 0.15884457237251762, 0.15884457237251762, 0.15884457237251762, 0.15884457237251762, 0.15884457237251762, 0.15884457237251762, 0.15884457237251762, 0.15884457237251762, 0.15884457237251762, 0.15884457237251762, 0.15884457237251762, 0.15884457237251762, 0.15884457237251762, 0.15884457237251762, 0.15884457237251762, 0.15884457237251762, 0.15884457237251762, 0.15884457237251762, 0.15884457237251762, 0.15884457237251762, 0.15884457237251762, 0.15884457237251762, 0.15884457237251762, 0.15884457237251762, 0.15884457237251762, 0.15884457237251762, 0.15884457237251762, 0.15884457237251762
0.17649396930279737, 0.17649396930279737, 0.17649396930279737, 0.17649396930279737, 0.17649396930279737, 0.17649396930279737, 0.17649396930279737, 0.17649396930279737, 0.17649396930279737, 0.17649396930279737, 0.17649396930279737, 0.17649396930279737, 0.17649396930279737, 0.17649396930279737, 0.17649396930279737, 0.17649396930279737, 0.17649396930279737, 0.17649396930279737, 0.17649396930279737, 0.17649396930279737, 0.17649396930279737, 0.17649396930279737, 0.17649396930279737, 0.17649396930279737, 0.17649396930279737, 0.17649396930279737, 0.17649396930279737, 0.17649396930279737, 0.17649396930279737, 0.17649396930279737, 0.17649396930279737, 0.17649396930279737, 0.17649396930279737, 0.17649396930279737, 0.17649396930279737, 0.17649396930279737, 0.17649396930279737, 0.17649396930279737, 0.17649396930279737, 0.17649396930279737, 0.17649396930279737, 0.17649396930279737, 0.17649396930279737, 0.17649396930279737, 0.17649396930279737, 0.17649396930279737, 0.17649396930279737, 0.17649396930279737, 0.17649396930279737, 0.17649396930279737, 0.17649396930279737, 0.17649396930279737, 0.17649396930279737, 0.17649396930279737, 0.17649396930279737, 0.17649396930279737, 0.17649396930279737, 0.17649396930279737, 0.17649396930279737, 0.17649396930279737, 0.17649396930279737, 0.17649396930279737, 0.17649396930279737, 0.17649396930279737, 0.17649396930279737, 0.17649396930279737, 0.17649396930279737, 0.17649396930279737, 0.17649396930279737, 0.17649396930279737, 0.17649396930279737, 0.17649396930279737, 0.17649396930279737, 0.17649396930279737, 0.17649396930279737, 0.17649396930279737, 0.17649396930279737, 0.17649396930279737, 0.17649396930279737, 0.17649396930279737, 0.17649396930279737, 0.17649396930279737, 0.17649396930279737, 0.17649396930279737, 0.17649396930279737, 0.17649396930279737, 0.17649396930279737, 0.17649396930279737, 0.17649396930279737, 0.17649396930279737
0.19414336623307707, 0.19414336623307707, 0.19414336623307707, 0.19414336623307707, 0.19414336623307707, 0.19414336623307707, 0.19414336623307707, 0.19414336623307707, 0.19414336623307707, 0.19414336623307707, 0.19414336623307707, 0.19414336623307707, 0.19414336623307707, 0.19414336623307707, 0.19414336623307707, 0.19414336623307707, 0.19414336623307707, 0.19414336623307707, 0.19414336623307707, 0.19414336623307707, 0.19414336623307707, 0.19414336623307707, 0.19414336623307707, 0.19414336623307707, 0.19414336623307707, 0.19414336623307707, 0.19414336623307707, 0.19414336623307707, 0.19414336623307707, 0.19414336623307707, 0.19414336623307707, 0.19414336623307707, 0.19414336623307707, 0.19414336623307707, 0.19414336623307707, 0.19414336623307707, 0.19414336623307707, 0.19414336623307707, 0.19414336623307707, 0.19414336623307707, 0.19414336623307707, 0.19414336623307707, 0.19414336623307707, 0.19414336623307707, 0.19414336623307707, 0.19414336623307707, 0.19414336623307707, 0.19414336623307707, 0.19414336623307707, 0.19414336623307707, 0.19414336623307707, 0.19414336623307707, 0.19414336623307707, 0.19414336623307707, 0.19414336623307707, 0.19414336623307707, 0.19414336623307707, 0.19414336623307707, 0.19414336623307707, 0.19414336623307707, 0.19414336623307707, 0.19414336623307707, 0.19414336623307707, 0.19414336623307707, 0.19414336623307707, 0.19414336623307707, 0.19414336623307707, 0.19414336623307707, 0.19414336623307707, 0.19414336623307707, 0.19414336623307707, 0.19414336623307707, 0.19414336623307707, 0.19414336623307707, 0.19414336623307707, 0.19414336623307707, 0.19414336623307707, 0.19414336623307707, 0.19414336623307707, 0.19414336623307707, 0.19414336623307707, 0.19414336623307707, 0.19414336623307707, 0.19414336623307707, 0.19414336623307707, 0.19414336623307707, 0.19414336623307707, 0.19414336623307707, 0.19414336623307707, 0.19414336623307707
0.21179276316335685, 0.21179276316335685, 0.21179276316335685, 0.21179276316335685, 0.21179276316335685, 0.21179276316335685, 0.21179276316335685, 0.21179276316335685, 0.21179276316335685, 0.21179276316335685, 0.21179276316335685, 0.21179276316335685, 0.21179276316335685, 0.21179276316335685, 0.21179276316335685, 0.21179276316335685, 0.21179276316335685, 0.21179276316335685, 0.21179276316335685, 0.21179276316335685, 0.21179276316335685, 0.21179276316335685, 0.21179276316335685, 0.21179276316335685, 0.21179276316335685, 0.21179276316335685, 0.21179276316335685, 0.21179276316335685, 0.21179276316335685, 0.21179276316335685, 0.21179276316335685, 0.21179276316335685, 0.21179276316335685, 0.21179276316335685, 0.21179276316335685, 0.21179276316335685, 0.21179276316335685, 0.21179276316335685, 0.21179276316335685, 0.21179276316335685, 0.21179276316335685, 0.21179276316335685, 0.21179276316335685, 0.21179276316335685, 0.21179276316335685, 0.21179276316335685, 0.21179276316335685, 0.21179276316335685, 0.21179276316335685, 0.21179276316335685, 0.21179276316335685, 0.21179276316335685, 0.21179276316335685, 0.21179276316335685, 0.21179276316335685, 0.21179276316335685, 0.21179276316335685, 0.21179276316335685, 0.21179276316335685, 0.21179276316335685, 0.21179276316335685, 0.21179276316335685, 0.21179276316335685, 0.21179276316335685, 0.21179276316335685, 0.21179276316335685, 0.21179276316335685, 0.21179276316335685, 0.21179276316335685, 0.21179276316335685, 0.21179276316335685, 0.21179276316335685, 0.21179276316335685, 0.21179276316335685, 0.21179276316335685, 0.21179276316335685, 0.21179276316335685, 0.21179276316335685, 0.21179276316335685, 0.21179276316335685, 0.21179276316335685, 0.21179276316335685, 0.21179276316335685, 0.21179276316335685, 0.21179276316335685, 0.21179276316335685, 0.21179276316335685, 0.21179276316335685, 0.21179276316335685, 0.21179276316335685
0.2294421600936366, 0.2294421600936366, 0.2294421600936366, 0.2294421600936366, 0.2294421600936366, 0.2294421600936366, 0.2294421600936366, 0.2294421600936366, 0.2294421600936366, 0.2294421600936366, 0.2294421600936366, 0.2294421600936366, 0.2294421600936366, 0.2294421600936366, 0.2294421600936366, 0.2294421600936366, 0.2294421600936366, 0.2294421600936366, 0.2294421600936366, 0.2294421600936366, 0.2294421600936366, 0.2294421600936366, 0.2294421600936366, 0.2294421600936366, 0.2294421600936366, 0.2294421600936366, 0.2294421600936366, 0.2294421600936366, 0.2294421600936366, 0.2294421600936366, 0.2294421600936366, 0.2294421600936366, 0.2294421600936366, 0.2294421600936366, 0.2294421600936366, 0.2294421600936366, 0.2294421600936366, 0.2294421600936366, 0.2294421600936366, 0.2294421600936366, 0.2294421600936366, 0.2294421600936366, 0.2294421600936366, 0.2294421600936366, 0.2294421600936366, 0.2294421600936366, 0.2294421600936366, 0.2294421600936366, 0.2294421600936366, 0.2294421600936366, 0.2294421600936366, 0.2294421600936366, 0.2294421600936366, 0.2294421600936366, 0.2294421600936366, 0.2294421600936366, 0.2294421600936366, 0.2294421600936366, 0.2294421600936366, 0.2294421600936366, 0.2294421600936366, 0.2294421600936366, 0.2294421600936366, 0.2294421600936366, 0.2294421600936366, 0.2294421600936366, 0.2294421600936366, 0.2294421600936366, 0.2294421600936366, 0.2294421600936366, 0.2294421600936366, 0.2294421600936366, 0.2294421600936366, 0.2294421600936366, 0.2294421600936366, 0.2294421600936366, 0.2294421600936366, 0.2294421600936366, 0.2294421600936366, 0.2294421600936366, 0.2294421600936366, 0.2294421600936366, 0.2294421600936366, 0.2294421600936366, 0.2294421600936366, 0.2294421600936366, 0.2294421600936366, 0.2294421600936366, 0.2294421600936366, 0.2294421600936366
0.2470915570239163, 0.2470915570239163, 0.2470915570239163, 0.2470915570239163, 0.2470915570239163, 0.2470915570239163, 0.2470915570239163, 0.2470915570239163, 0.2470915570239163, 0.2470915570239163, 0.2470915570239163, 0.2470915570239163, 0.2470915570239163, 0.2470915570239163, 0.2470915570239163, 0.2470915570239163, 0.2470915570239163, 0.2470915570239163, 0.2470915570239163, 0.2470915570239163, 0.2470915570239163, 0.2470915570239163, 0.2470915570239163, 0.2470915570239163, 0.2470915570239163, 0.2470915570239163, 0.2470915570239163, 0.2470915570239163, 0.2470915570239163, 0.2470915570239163, 0.2470915570239163, 0.2470915570239163, 0.2470915570239163, 0.2470915570239163, 0.2470915570239163, 0.2470915570239163, 0.2470915570239163, 0.2470915570239163, 0.2470915570239163, 0.2470915570239163, 0.2470915570239163, 0.2470915570239163, 0.2470915570239163, 0.2470915570239163, 0.2470915570239163, 0.2470915570239163, 0.2470915570239163, 0.2470915570239163, 0.2470915570239163, 0.2470915570239163, 0.2470915570239163, 0.2470915570239163, 0.2470915570239163, 0.2470915570239163, 0.2470915570239163, 0.2470915570239163, 0.2470915570239163, 0.2470915570239163, 0.2470915570239163, 0.2470915570239163, 0.2470915570239163, 0.2470915570239163, 0.2470915570239163, 0.2470915570239163, 0.2470915570239163, 0.2470915570239163, 0.2470915570239163, 0.2470915570239163, 0.2470915570239163, 0.2470915570239163, 0.2470915570239163, 0.2470915570239163, 0.2470915570239163, 0.2470915570239163, 0.2470915570239163, 0.2470915570239163, 0.2470915570239163, 0.2470915570239163, 0.2470915570239163, 0.2470915570239163, 0.2470915570239163, 0.2470915570239163, 0.2470915570239163, 0.2470915570239163, 0.2470915570239163, 0.2470915570239163, 0.2470915570239163, 0.2470915570239163, 0.2470915570239163, 0.2470915570239163
0.26474095395419606, 0.26474095395419606, 0.26474095395419606, 0.26474095395419606, 0.26474095395419606, 0.26474095395419606, 0.26474095395419606, 0.26474095395419606, 0.26474095395419606, 0.26474095395419606, 0.26474095395419606, 0.26474095395419606, 0.26474095395419606, 0.26474095395419606, 0.26474095395419606, 0.26474095395419606, 0.26474095395419606, 0.26474095395419606, 0.26474095395419606, 0.26474095395419606, 0.26474095395419606, 0.26474095395419606, 0.26474095395419606, 0.26474095395419606, 0.26474095395419606, 0.26474095395419606, 0.26474095395419606, 0.26474095395419606, 0.26474095395419606, 0.26474095395419606, 0.26474095395419606, 0.26474095395419606, 0.26474095395419606, 0.26474095395419606, 0.26474095395419606, 0.26474095395419606, 0.26474095395419606, 0.26474095395419606, 0.26474095395419606, 0.26474095395419606, 0.26474095395419606, 0.26474095395419606, 0.26474095395419606, 0.26474095395419606, 0.26474095395419606, 0.26474095395419606, 0.26474095395419606, 0.26474095395419606, 0.26474095395419606, 0.26474095395419606, 0.26474095395419606, 0.26474095395419606, 0.26474095395419606, 0.26474095395419606, 0.26474095395419606, 0.26474095395419606, 0.26474095395419606, 0.26474095395419606, 0.26474095395419606, 0.26474095395419606, 0.26474095395419606, 0.26474095395419606, 0.26474095395419606, 0.26474095395419606, 0.26474095395419606, 0.26474095395419606, 0.26474095395419606, 0.26474095395419606, 0.26474095395419606, 0.26474095395419606, 0.26474095395419606, 0.26474095395419606, 0.26474095395419606, 0.26474095395419606, 0.26474095395419606, 0.26474095395419606, 0.26474095395419606, 0.26474095395419606, 0.26474095395419606, 0.26474095395419606, 0.26474095395419606, 0.26474095395419606, 0.26474095395419606, 0.26474095395419606, 0.26474095395419606, 0.26474095395419606, 0.26474095395419606, 0.26474095395419606, 0.26474095395419606, 0.26474095395419606
0.28239035088447578, 0.28239035088447578, 0.28239035088447578, 0.28239035088447578, 0.28239035088447578, 0.28239035088447578, 0.28239035088447578, 0.28239035088447578, 0.28239035088447578, 0.28239035088447578, 0.28239035088447578, 0.28239035088447578, 0.28239035088447578, 0.28239035088447578, 0.28239035088447578, 0.28239035088447578, 0.28239035088447578, 0.28239035088447578, 0.28239035088447578, 0.28239035088447578, 0.28239035088447578, 0.28239035088447578, 0.28239035088447578, 0.28239035088447578, 0.28239035088447578, 0.28239035088447578, 0.28239035088447578, 0.28239035088447578, 0.28239035088447578, 0.28239035088447578, 0.28239035088447578, 0.28239035088447578, 0.28239035088447578, 0.28239035088447578, 0.28239035088447578, 0.28239035088447578, 0.28239035088447578, 0.28239035088447578, 0.28239035088447578, 0.28239035088447578, 0.28239035088447578, 0.28239035088447578, 0.28239035088447578, 0.28239035088447578, 0.28239035088447578, 0.28239035088447578, 0.28239035088447578, 0.28239035088447578, 0.28239035088447578, 0.28239035088447578, 0.28239035088447578, 0.28239035088447578, 0.28239035088447578, 0.28239035088447578, 0.28239035088447578, 0.28239035088447578, 0.28239035088447578, 0.28239035088447578, 0.28239035088447578, 0.28239035088447578, 0.28239035088447578, 0.28239035088447578, 0.28239035088447578, 0.28239035088447578, 0.28239035088447578, 0.28239035088447578, 0.28239035088447578, 0.28239035088447578, 0.28239035088447578, 0.28239035088447578, 0.28239035088447578, 0.28239035088447578, 0.28239035088447578, 0.28239035088447578, 0.28239035088447578, 0.28239035088447578, 0.28239035088447578, 0.28239035088447578, 0.28239035088447578, 0.28239035088447578, 0.28239035088447578, 0.28239035088447578, 0.28239035088447578, 0.28239035088447578, 0.28239035088447578, 0.28239035088447578, 0.28239035088447578, 0.28239035088447578, 0.28239035088447578, 0.28239035088447578
0.30003974781475556, 0.30003974781475556, 0.30003974781475556, 0.30003974781475556, 0.30003974781475556, 0.30003974781475556, 0.30003974781475556, 0.30003974781475556, 0.30003974781475556, 0.30003974781475556, 0.30003974781475556, 0.30003974781475556, 0.30003974781475556, 0.30003974781475556, 0.30003974781475556, 0.30003974781475556, 0.30003974781475556, 0.30003974781475556, 0.30003974781475556, 0.30003974781475556, 0.30003974781475556, 0.30003974781475556, 0.30003974781475556, 0.30003974781475556, 0.30003974781475556, 0.30003974781475556, 0.30003974781475556, 0.30003974781475556, 0.30003974781475556, 0.30003974781475556, 0.30003974781475556, 0.30003974781475556, 0.30003974781475556, 0.30003974781475556, 0.30003974781475556, 0.30003974781475556, 0.30003974781475556, 0.30003974781475556, 0.30003974781475556, 0.30003974781475556, 0.30003974781475556, 0.30003974781475556, 0.30003974781475556, 0.30003974781475556, 0.30003974781475556, 0.30003974781475556, 0.30003974781475556, 0.30003974781475556, 0.30003974781475556, 0.30003974781475556, 0.30003974781475556, 0.30003974781475556, 0.30003974781475556, 0.30003974781475556, 0.30003974781475556, 0.30003974781475556, 0.30003974781475556, 0.30003974781475556, 0.30003974781475556, 0.30003974781475556, 0.30003974781475556, 0.30003974781475556, 0.30003974781475556, 0.30003974781475556, 0.30003974781475556, 0.30003974781475556, 0.30003974781475556, 0.30003974781475556, 0.30003974781475556, 0.30003974781475556, 0.30003974781475556, 0.30003974781475556, 0.30003974781475556, 0.30003974781475556, 0.30003974781475556, 0.30003974781475556, 0.30003974781475556, 0.30003974781475556, 0.30003974781475556, 0.30003974781475556, 0.30003974781475556, 0.30003974781475556, 0.30003974781475556, 0.30003974781475556, 0.30003974781475556, 0.30003974781475556, 0.30003974781475556, 0.30003974781475556, 0.30003974781475556, 0.30003974781475556
0.31768914474503523, 0.31768914474503523, 0.31768914474503523, 0.31768914474503523, 0.31768914474503523, 0.31768914474503523, 0.31768914474503523, 0.31768914474503523, 0.31768914474503523, 0.31768914474503523, 0.31768914474503523, 0.31768914474503523, 0.31768914474503523, 0.31768914474503523, 0.31768914474503523, 0.31768914474503523, 0.31768914474503523, 0.31768914474503523, 0.31768914474503523, 0.31768914474503523, 0.31768914474503523, 0.31768914474503523, 0.31768914474503523, 0.31768914474503523, 0.31768914474503523, 0.31768914474503523, 0.31768914474503523, 0.31768914474503523, 0.31768914474503523, 0.31768914474503523, 0.31768914474503523, 0.31768914474503523, 0.31768914474503523, 0.31768914474503523, 0.31768914474503523, 0.31768914474503523, 0.31768914474503523, 0.31768914474503523, 0.31768914474503523, 0.31768914474503523, 0.31768914474503523, 0.31768914474503523, 0.31768914474503523, 0.31768914474503523, 0.31768914474503523, 0.31768914474503523, 0.31768914474503523, 0.31768914474503523, 0.31768914474503523, 0.31768914474503523, 0.31768914474503523, 0.31768914474503523, 0.31768914474503523, 0.31768914474503523, 0.31768914474503523, 0.31768914474503523, 0.31768914474503523, 0.31768914474503523, 0.31768914474503523, 0.31768914474503523, 0.31768914474503523, 0.31768914474503523, 0.31768914474503523, 0.31768914474503523, 0.31768914474503523, 0.31768914474503523, 0.31768914474503523, 0.31768914474503523, 0.31768914474503523, 0.31768914474503523, 0.31768914474503523, 0.31768914474503523, 0.31768914474503523, 0.31768914474503523, 0.31768914474503523, 0.31768914474503523, 0.31768914474503523, 0.31768914474503523, 0.31768914474503523, 0.31768914474503523, 0.31768914474503523, 0.31768914474503523, 0.31768914474503523, 0.31768914474503523, 0.31768914474503523, 0.31768914474503523, 0.31768914474503523, 0.31768914474503523, 0.31768914474503523, 0.31768914474503523
0.33533854167531496, 0.33533854167531496, 0.33533854167531496, 0.33533854167531496, 0.33533854167531496, 0.33533854167531496, 0.33533854167531496, 0.33533854167531496, 0.33533854167531496, 0.33533854167531496, 0.33533854167531496, 0.33533854167531496, 0.33533854167531496, 0.33533854167531496, 0.33533854167531496, 0.33533854167531496, 0.33533854167531496, 0.33533854167531496, 0.33533854167531496, 0.33533854167531496, 0.33533854167531496, 0.33533854167531496, 0.33533854167531496, 0.33533854167531496, 0.33533854167531496, 0.33533854167531496, 0.33533854167531496, 0.33533854167531496, 0.33533854167531496, 0.33533854167531496, 0.33533854167531496, 0.33533854167531496, 0.33533854167531496, 0.33533854167531496, 0.33533854167531496, 0.33533854167531496, 0.33533854167531496, 0.33533854167531496, 0.33533854167531496, 0.33533854167531496, 0.33533854167531496, 0.33533854167531496, 0.33533854167531496, 0.33533854167531496, 0.33533854167531496, 0.33533854167531496, 0.33533854167531496, 0.33533854167531496, 0.33533854167531496, 0.33533854167531496, 0.33533854167531496, 0.33533854167531496, 0.33533854167531496, 0.33533854167531496, 0.33533854167531496, 0.33533854167531496, 0.33533854167531496, 0.33533854167531496, 0.33533854167531496, 0.33533854167531496, 0.33533854167531496, 0.33533854167531496, 0.33533854167531496, 0.33533854167531496, 0.33533854167531496, 0.33533854167531496, 0.33533854167531496, 0.33533854167531496, 0.33533854167531496, 0.33533854167531496, 0.33533854167531496, 0.33533854167531496, 0.33533854167531496, 0.33533854167531496, 0.33533854167531496, 0.33533854167531496, 0.33533854167531496, 0.33533854167531496, 0.33533854167531496, 0.33533854167531496, 0.33533854167531496, 0.33533854167531496, 0.33533854167531496, 0.33533854167531496, 0.33533854167531496, 0.33533854167531496, 0.33533854167531496, 0.33533854167531496, 0.33533854167531496, 0.33533854167531496
0.35298793860559474, 0.35298793860559474, 0.35298793860559474, 0.35298793860559474, 0.35298793860559474, 0.35298793860559474, 0.35298793860559474, 0.35298793860559474, 0.35298793860559474, 0.35298793860559474, 0.35298793860559474, 0.35298793860559474, 0.35298793860559474, 0.35298793860559474, 0.35298793860559474, 0.35298793860559474, 0.35298793860559474, 0.35298793860559474, 0.35298793860559474, 0.35298793860559474, 0.35298793860559474, 0.35298793860559474, 0.35298793860559474, 0.35298793860559474, 0.35298793860559474, 0.35298793860559474, 0.35298793860559474, 0.35298793860559474, 0.35298793860559474, 0.35298793860559474, 0.35298793860559474, 0.35298793860559474, 0.35298793860559474, 0.35298793860559474, 0.35298793860559474, 0.35298793860559474, 0.35298793860559474, 0.35298793860559474, 0.35298793860559474, 0.35298793860559474, 0.35298793860559474, 0.35298793860559474, 0.35298793860559474, 0.35298793860559474, 0.35298793860559474, 0.35298793860559474, 0.35298793860559474, 0.35298793860559474, 0.35298793860559474, 0.35298793860559474, 0.35298793860559474, 0.35298793860559474, 0.35298793860559474, 0.35298793860559474, 0.35298793860559474, 0.35298793860559474, 0.35298793860559474, 0.35298793860559474, 0.35298793860559474, 0.35298793860559474, 0.35298793860559474, 0.35298793860559474, 0.35298793860559474, 0.35298793860559474, 0.35298793860559474, 0.35298793860559474, 0.35298793860559474, 0.35298793860559474, 0.35298793860559474, 0.35298793860559474, 0.35298793860559474, 0.35298793860559474, 0.35298793860559474, 0.35298793860559474, 0.35298793860559474, 0.35298793860559474, 0.35298793860559474, 0.35298793860559474, 0.35298793860559474, 0.35298793860559474, 0.35298793860559474, 0.35298793860559474, 0.35298793860559474, 0.35298793860559474, 0.35298793860559474, 0.35298793860559474, 0.35298793860559474, 0.35298793860559474, 0.35298793860559474, 0.35298793860559474
0.37063733553587447, 0.37063733553587447, 0.37063733553587447, 0.37063733553587447, 0.37063733553587447, 0.37063733553587447, 0.37063733553587447, 0.37063733553587447, 0.37063733553587447, 0.37063733553587447, 0.37063733553587447, 0.37063733553587447, 0.37063733553587447, 0.37063733553587447, 0.37063733553587447, 0.37063733553587447, 0.37063733553587447, 0.37063733553587447, 0.37063733553587447, 0.37063733553587447, 0.37063733553587447, 0.37063733553587447, 0.37063733553587447, 0.37063733553587447, 0.37063733553587447, 0.37063733553587447, 0.37063733553587447, 0.37063733553587447, 0.37063733553587447, 0.37063733553587447, 0.37063733553587447, 0.37063733553587447, 0.37063733553587447, 0.37063733553587447, 0.37063733553587447, 0.37063733553587447, 0.37063733553587447, 0.37063733553587447, 0.37063733553587447, 0.37063733553587447, 0.37063733553587447, 0.37063733553587447, 0.37063733553587447, 0.37063733553587447, 0.37063733553587447, 0.37063733553587447, 0.37063733553587447, 0.37063733553587447, 0.37063733553587447, 0.37063733553587447, 0.37063733553587447, 0.37063733553587447, 0.37063733553587447, 0.37063733553587447, 0.37063733553587447, 0.37063733553587447, 0.37063733553587447, 0.37063733553587447, 0.37063733553587447, 0.37063733553587447, 0.37063733553587447, 0.37063733553587447, 0.37063733553587447, 0.37063733553587447, 0.37063733553587447, 0.37063733553587447, 0.37063733553587447, 0.37063733553587447, 0.37063733553587447, 0.37063733553587447, 0.37063733553587447, 0.37063733553587447, 0.37063733553587447, 0.37063733553587447, 0.37063733553587447, 0.37063733553587447, 0.37063733553587447, 0.37063733553587447, 0.37063733553587447, 0.37063733553587447, 0.37063733553587447, 0.37063733553587447, 0.37063733553587447, 0.37063733553587447, 0.37063733553587447, 0.37063733553587447, 0.37063733553587447, 0.37063733553587447, 0.37063733553587447, 0.37063733553587447
0.38828673246615414, 0.38828673246615414, 0.38828673246615414, 0.38828673246615414, 0.38828673246615414, 0.38828673246615414, 0.38828673246615414, 0.38828673246615414, 0.38828673246615414, 0.38828673246615414, 0.38828673246615414, 0.38828673246615414, 0.38828673246615414, 0.38828673246615414, 0.38828673246615414, 0.38828673246615414, 0.38828673246615414, 0.38828673246615414, 0.38828673246615414, 0.38828673246615414, 0.38828673246615414, 0.38828673246615414, 0.38828673246615414, 0.38828673246615414, 0.38828673246615414, 0.38828673246615414, 0.38828673246615414, 0.38828673246615414, 0.38828673246615414, 0.38828673246615414, 0.38828673246615414, 0.38828673246615414, 0.38828673246615414, 0.38828673246615414, 0.38828673246615414, 0.38828673246615414, 0.38828673246615414, 0.38828673246615414, 0.38828673246615414, 0.38828673246615414, 0.38828673246615414, 0.38828673246615414, 0.38828673246615414, 0.38828673246615414, 0.38828673246615414, 0.38828673246615414, 0.38828673246615414, 0.38828673246615414, 0.38828673246615414, 0.38828673246615414, 0.38828673246615414, 0.38828673246615414, 0.38828673246615414, 0.38828673246615414, 0.38828673246615414, 0.38828673246615414, 0.38828673246615414, 0.38828673246615414, 0.38828673246615414, 0.38828673246615414, 0.38828673246615414, 0.38828673246615414, 0.38828673246615414, 0.38828673246615414, 0.38828673246615414, 0.38828673246615414, 0.38828673246615414, 0.38828673246615414, 0.38828673246615414, 0.38828673246615414, 0.38828673246615414, 0.38828673246615414, 0.38828673246615414, 0.38828673246615414, 0.38828673246615414, 0.38828673246615414, 0.38828673246615414, 0.38828673246615414, 0.38828673246615414, 0.38828673246615414, 0.38828673246615414, 0.38828673246615414, 0.38828673246615414, 0.38828673246615414, 0.38828673246615414, 0.38828673246615414, 0.38828673246615414, 0.38828673246615414, 0.38828673246615414, 0.38828673246615414
0.40593612939643392, 0.40593612939643392, 0.40593612939643392, 0.40593612939643392, 0.40593612939643392, 0.40593612939643392, 0.40593612939643392, 0.40593612939643392, 0.40593612939643392, 0.40593612939643392, 0.40593612939643392, 0.40593612939643392, 0.40593612939643392, 0.40593612939643392, 0.40593612939643392, 0.40593612939643392, 0.40593612939643392, 0.40593612939643392, 0.40593612939643392, 0.40593612939643392, 0.40593612939643392, 0.40593612939643392, 0.40593612939643392, 0.40593612939643392, 0.40593612939643392, 0.40593612939643392, 0.40593612939643392, 0.40593612939643392, 0.40593612939643392, 0.40593612939643392, 0.40593612939643392, 0.40593612939643392, 0.40593612939643392, 0.40593612939643392, 0.40593612939643392, 0.40593612939643392, 0.40593612939643392, 0.40593612939643392, 0.40593612939643392, 0.40593612939643392, 0.40593612939643392, 0.40593612939643392, 0.40593612939643392, 0.40593612939643392, 0.40593612939643392, 0.40593612939643392, 0.40593612939643392, 0.40593612939643392, 0.40593612939643392, 0.40593612939643392, 0.40593612939643392, 0.40593612939643392, 0.40593612939643392, 0.40593612939643392, 0.40593612939643392, 0.40593612939643392, 0.40593612939643392, 0.40593612939643392, 0.40593612939643392, 0.40593612939643392, 0.40593612939643392, 0.40593612939643392, 0.40593612939643392, 0.40593612939643392, 0.40593612939643392, 0.40593612939643392, 0.40593612939643392, 0.40593612939643392, 0.40593612939643392, 0.40593612939643392, 0.40593612939643392, 0.40593612939643392, 0.40593612939643392, 0.40593612939643392, 0.40593612939643392, 0.40593612939643392, 0.40593612939643392, 0.40593612939643392, 0.40593612939643392, 0.40593612939643392, 0.40593612939643392, 0.40593612939643392, 0.40593612939643392, 0.40593612939643392, 0.40593612939643392, 0.40593612939643392, 0.40593612939643392, 0.40593612939643392, 0.40593612939643392, 0.40593612939643392
0.4235855263267137, 0.4235855263267137, 0.4235855263267137, 0.4235855263267137, 0.4235855263267137, 0.4235855263267137, 0.4235855263267137, 0.4235855263267137, 0.4235855263267137, 0.4235855263267137, 0.4235855263267137, 0.4235855263267137, 0.4235855263267137, 0.4235855263267137, 0.4235855263267137, 0.4235855263267137, 0.4235855263267137, 0.4235855263267137, 0.4235855263267137, 0.4235855263267137, 0.4235855263267137, 0.4235855263267137, 0.4235855263267137, 0.4235855263267137, 0.4235855263267137, 0.4235855263267137, 0.4235855263267137, 0.4235855263267137, 0.4235855263267137, 0.4235855263267137, 0.4235855263267137, 0.4235855263267137, 0.4235855263267137, 0.4235855263267137, 0.4235855263267137, 0.4235855263267137, 0.4235855263267137, 0.4235855263267137, 0.4235855263267137, 0.4235855263267137, 0.4235855263267137, 0.4235855263267137, 0.4235855263267137, 0.4235855263267137, 0.4235855263267137, 0.4235855263267137, 0.4235855263267137, 0.4235855263267137, 0.4235855263267137, 0.4235855263267137, 0.4235855263267137, 0.4235855263267137, 0.4235855263267137, 0.4235855263267137, 0.4235855263267137, 0.4235855263267137, 0.4235855263267137, 0.4235855263267137, 0.4235855263267137, 0.4235855263267137, 0.4235855263267137, 0.4235855263267137, 0.4235855263267137, 0.4235855263267137, 0.4235855263267137, 0.4235855263267137, 0.4235855263267137, 0.4235855263267137, 0.4235855263267137, 0.4235855263267137, 0.4235855263267137, 0.4235855263267137, 0.4235855263267137, 0.4235855263267137, 0.4235855263267137, 0.4235855263267137, 0.4235855263267137, 0.4235855263267137, 0.4235855263267137, 0.4235855263267137, 0.4235855263267137, 0.4235855263267137, 0.4235855263267137, 0.4235855263267137, 0.4235855263267137, 0.4235855263267137, 0.4235855263267137, 0.4235855263267137, 0.4235855263267137, 0.4235855263267137
0.44123492325699343, 0.44123492325699343, 0.44123492325699343, 0.44123492325699343, 0.44123492325699343, 0.44123492325699343, 0.44123492325699343, 0.44123492325699343, 0.44123492325699343, 0.44123492325699343, 0.44123492325699343, 0.44123492325699343, 0.44123492325699343, 0.44123492325699343, 0.44123492325699343, 0.44123492325699343, 0.44123492325699343, 0.44123492325699343, 0.44123492325699343, 0.44123492325699343, 0.44123492325699343, 0.44123492325699343, 0.44123492325699343, 0.44123492325699343, 0.44123492325699343, 0.44123492325699343, 0.44123492325699343, 0.44123492325699343, 0.44123492325699343, 0.44123492325699343, 0.44123492325699343, 0.44123492325699343, 0.44123492325699343, 0.44123492325699343, 0.44123492325699343, 0.44123492325699343, 0.44123492325699343, 0.44123492325699343, 0.44123492325699343, 0.44123492325699343, 0.44123492325699343, 0.44123492325699343, 0.44123492325699343, 0.44123492325699343, 0.44123492325699343, 0.44123492325699343, 0.44123492325699343, 0.44123492325699343, 0.44123492325699343, 0.44123492325699343, 0.44123492325699343, 0.44123492325699343, 0.44123492325699343, 0.44123492325699343, 0.44123492325699343, 0.44123492325699343, 0.44123492325699343, 0.44123492325699343, 0.44123492325699343, 0.44123492325699343, 0.44123492325699343, 0.44123492325699343, 0.44123492325699343, 0.44123492325699343, 0.44123492325699343, 0.44123492325699343, 0.44123492325699343, 0.44123492325699343, 0.44123492325699343, 0.44123492325699343, 0.44123492325699343, 0.44123492325699343, 0.44123492325699343, 0.44123492325699343, 0.44123492325699343, 0.44123492325699343, 0.44123492325699343, 0.44123492325699343, 0.44123492325699343, 0.44123492325699343, 0.44123492325699343, 0.44123492325699343, 0.44123492325699343, 0.44123492325699343, 0.44123492325699343, 0.44123492325699343, 0.44123492325699343, 0.44123492325699343, 0.44123492325699343, 0.44123492325699343
0.45888432018727321, 0.45888432018727321, 0.45888432018727321, 0.45888432018727321, 0.45888432018727321, 0.45888432018727321, 0.45888432018727321, 0.45888432018727321, 0.45888432018727321, 0.45888432018727321, 0.45888432018727321, 0.45888432018727321, 0.45888432018727321, 0.45888432018727321, 0.45888432018727321, 0.45888432018727321, 0.45888432018727321, 0.45888432018727321, 0.45888432018727321, 0.45888432018727321, 0.45888432018727321, 0.45888432018727321, 0.45888432018727321, 0.45888432018727321, 0.45888432018727321, 0.45888432018727321, 0.45888432018727321, 0.45888432018727321, 0.45888432018727321, 0.45888432018727321, 0.45888432018727321, 0.45888432018727321, 0.45888432018727321, 0.45888432018727321, 0.45888432018727321, 0.45888432018727321, 0.45888432018727321, 0.45888432018727321, 0.45888432018727321, 0.45888432018727321, 0.45888432018727321, 0.45888432018727321, 0.45888432018727321, 0.45888432018727321, 0.45888432018727321, 0.45888432018727321, 0.45888432018727321, 0.45888432018727321, 0.45888432018727321, 0.45888432018727321, 0.45888432018727321, 0.45888432018727321, 0.45888432018727321, 0.45888432018727321, 0.45888432018727321, 0.45888432018727321, 0.45888432018727321, 0.45888432018727321, 0.45888432018727321, 0.45888432018727321, 0.45888432018727321, 0.45888432018727321, 0.45888432018727321, 0.45888432018727321, 0.45888432018727321, 0.45888432018727321, 0.45888432018727321, 0.45888432018727321, 0.45888432018727321, 0.45888432018727321, 0.45888432018727321, 0.45888432018727321, 0.45888432018727321, 0.45888432018727321, 0.45888432018727321, 0.45888432018727321, 0.45888432018727321, 0.45888432018727321, 0.45888432018727321, 0.45888432018727321, 0.45888432018727321, 0.45888432018727321, 0.45888432018727321, 0.45888432018727321, 0.45888432018727321, 0.45888432018727321, 0.45888432018727321, 0.45888432018727321, 0.45888432018727321, 0.45888432018727321
0.47653371711755288, 0.47653371711755288, 0.47653371711755288, 0.47653371711755288, 0.47653371711755288, 0.47653371711755288, 0.47653371711755288, 0.47653371711755288, 0.47653371711755288, 0.47653371711755288, 0.47653371711755288, 0.47653371711755288, 0.47653371711755288, 0.47653371711755288, 0.47653371711755288, 0.47653371711755288, 0.47653371711755288, 0.47653371711755288, 0.47653371711755288, 0.47653371711755288, 0.47653371711755288, 0.47653371711755288, 0.47653371711755288, 0.47653371711755288, 0.47653371711755288, 0.47653371711755288, 0.47653371711755288, 0.47653371711755288, 0.47653371711755288, 0.47653371711755288, 0.47653371711755288, 0.47653371711755288, 0.47653371711755288, 0.47653371711755288, 0.47653371711755288, 0.47653371711755288, 0.47653371711755288, 0.47653371711755288, 0.47653371711755288, 0.47653371711755288, 0.47653371711755288, 0.47653371711755288, 0.47653371711755288, 0.47653371711755288, 0.47653371711755288, 0.47653371711755288, 0.47653371711755288, 0.47653371711755288, 0.47653371711755288, 0.47653371711755288, 0.47653371711755288, 0.47653371711755288, 0.47653371711755288, 0.47653371711755288, 0.47653371711755288, 0.47653371711755288, 0.47653371711755288, 0.47653371711755288, 0.47653371711755288, 0.47653371711755288, 0.47653371711755288, 0.47653371711755288, 0.47653371711755288, 0.47653371711755288, 0.47653371711755288, 0.47653371711755288, 0.47653371711755288, 0.47653371711755288, 0.47653371711755288, 0.47653371711755288, 0.47653371711755288, 0.47653371711755288, 0.47653371711755288, 0.47653371711755288, 0.47653371711755288, 0.47653371711755288, 0.47653371711755288, 0.47653371711755288, 0.47653371711755288, 0.47653371711755288, 0.47653371711755288, 0.47653371711755288, 0.47653371711755288, 0.47653371711755288, 0.47653371711755288, 0.47653371711755288, 0.47653371711755288, 0.47653371711755288, 0.47653371711755288, 0.47653371711755288
0.49418311404783261, 0.49418311404783261, 0.49418311404783261, 0.49418311404783261, 0.49418311404783261, 0.49418311404783261, 0.49418311404783261, 0.49418311404783261, 0.49418311404783261, 0.49418311404783261, 0.49418311404783261, 0.49418311404783261, 0.49418311404783261, 0.49418311404783261, 0.49418311404783261, 0.49418311404783261, 0.49418311404783261, 0.49418311404783261, 0.49418311404783261, 0.49418311404783261, 0.49418311404783261, 0.49418311404783261, 0.49418311404783261, 0.49418311404783261, 0.49418311404783261, 0.49418311404783261, 0.49418311404783261, 0.49418311404783261, 0.49418311404783261, 0.49418311404783261, 0.49418311404783261, 0.49418311404783261, 0.49418311404783261, 0.49418311404783261, 0.49418311404783261, 0.49418311404783261, 0.49418311404783261, 0.49418311404783261, 0.49418311404783261, 0.49418311404783261, 0.49418311404783261, 0.49418311404783261, 0.49418311404783261, 0.49418311404783261, 0.49418311404783261, 0.49418311404783261, 0.49418311404783261, 0.49418311404783261, 0.49418311404783261, 0.49418311404783261, 0.49418311404783261, 0.49418311404783261, 0.49418311404783261, 0.49418311404783261, 0.49418311404783261, 0.49418311404783261, 0.49418311404783261, 0.49418311404783261, 0.49418311404783261, 0.49418311404783261, 0.49418311404783261, 0.49418311404783261, 0.49418311404783261, 0.49418311404783261, 0.49418311404783261, 0.49418311404783261, 0.49418311404783261, 0.49418311404783261, 0.49418311404783261, 0.49418311404783261, 0.49418311404783261, 0.49418311404783261, 0.49418311404783261, 0.49418311404783261, 0.49418311404783261, 0.49418311404783261, 0.49418311404783261, 0.49418311404783261, 0.49418311404783261, 0.49418311404783261, 0.49418311404783261, 0.49418311404783261, 0.49418311404783261, 0.49418311404783261, 0.49418311404783261, 0.49418311404783261, 0.49418311404783261, 0.49418311404783261, 0.49418311404783261, 0.49418311404783261
0.51183251097811233, 0.51183251097811233, 0.51183251097811233, 0.51183251097811233, 0.51183251097811233, 0.51183251097811233, 0.51183251097811233, 0.51183251097811233, 0.51183251097811233, 0.51183251097811233, 0.51183251097811233, 0.51183251097811233, 0.51183251097811233, 0.51183251097811233, 0.51183251097811233, 0.51183251097811233, 0.51183251097811233, 0.51183251097811233, 0.51183251097811233, 0.51183251097811233, 0.51183251097811233, 0.51183251097811233, 0.51183251097811233, 0.51183251097811233, 0.51183251097811233, 0.51183251097811233, 0.51183251097811233, 0.51183251097811233, 0.51183251097811233, 0.51183251097811233, 0.51183251097811233, 0.51183251097811233, 0.51183251097811233, 0.51183251097811233, 0.51183251097811233, 0.51183251097811233, 0.51183251097811233, 0.51183251097811233, 0.51183251097811233, 0.51183251097811233, 0.51183251097811233, 0.51183251097811233, 0.51183251097811233, 0.51183251097811233, 0.51183251097811233, 0.51183251097811233, 0.51183251097811233, 0.51183251097811233, 0.51183251097811233, 0.51183251097811233, 0.51183251097811233, 0.51183251097811233, 0.51183251097811233, 0.51183251097811233, 0.51183251097811233, 0.51183251097811233, 0.51183251097811233, 0.51183251097811233, 0.51183251097811233, 0.51183251097811233, 0.51183251097811233, 0.51183251097811233, 0.51183251097811233, 0.51183251097811233, 0.51183251097811233, 0.51183251097811233, 0.51183251097811233, 0.51183251097811233, 0.51183251097811233, 0.51183251097811233, 0.51183251097811233, 0.51183251097811233, 0.51183251097811233, 0.51183251097811233, 0.51183251097811233, 0.51183251097811233, 0.51183251097811233, 0.51183251097811233, 0.51183251097811233, 0.51183251097811233, 0.51183251097811233, 0.51183251097811233, 0.51183251097811233, 0.51183251097811233, 0.51183251097811233, 0.51183251097811233, 0.51183251097811233, 0.51183251097811233, 0.51183251097811233, 0.51183251097811233
0.52948190790839211, 0.52948190790839211, 0.52948190790839211, 0.52948190790839211, 0.52948190790839211, 0.52948190790839211, 0.52948190790839211, 0.52948190790839211, 0.52948190790839211, 0.52948190790839211, 0.52948190790839211, 0.52948190790839211, 0.52948190790839211, 0.52948190790839211, 0.52948190790839211, 0.52948190790839211, 0.52948190790839211, 0.52948190790839211, 0.52948190790839211, 0.52948190790839211, 0.52948190790839211, 0.52948190790839211, 0.52948190790839211, 0.52948190790839211, 0.52948190790839211, 0.52948190790839211, 0.52948190790839211, 0.52948190790839211, 0.52948190790839211, 0.52948190790839211, 0.52948190790839211, 0.52948190790839211, 0.52948190790839211, 0.52948190790839211, 0.52948190790839211, 0.52948190790839211, 0.52948190790839211, 0.52948190790839211, 0.52948190790839211, 0.52948190790839211, 0.52948190790839211, 0.52948190790839211, 0.52948190790839211, 0.52948190790839211, 0.52948190790839211, 0.52948190790839211, 0.52948190790839211, 0.52948190790839211, 0.52948190790839211, 0.52948190790839211, 0.52948190790839211, 0.52948190790839211, 0.52948190790839211, 0.52948190790839211, 0.52948190790839211, 0.52948190790839211, 0.52948190790839211, 0.52948190790839211, 0.52948190790839211, 0.52948190790839211, 0.52948190790839211, 0.52948190790839211, 0.52948190790839211, 0.52948190790839211, 0.52948190790839211, 0.52948190790839211, 0.52948190790839211, 0.52948190790839211, 0.52948190790839211, 0.52948190790839211, 0.52948190790839211, 0.52948190790839211, 0.52948190790839211, 0.52948190790839211, 0.52948190790839211, 0.52948190790839211, 0.52948190790839211, 0.52948190790839211, 0.52948190790839211, 0.52948190790839211, 0.52948190790839211, 0.52948190790839211, 0.52948190790839211, 0.52948190790839211, 0.52948190790839211, 0.52948190790839211, 0.52948190790839211, 0.52948190790839211, 0.52948190790839211, 0.52948190790839211
0.54713130483867178, 0.54713130483867178, 0.54713130483867178, 0.54713130483867178, 0.54713130483867178, 0.54713130483867178, 0.54713130483867178, 0.54713130483867178, 0.54713130483867178, 0.54713130483867178, 0.54713130483867178, 0.54713130483867178, 0.54713130483867178, 0.54713130483867178, 0.54713130483867178, 0.54713130483867178, 0.54713130483867178, 0.54713130483867178, 0.54713130483867178, 0.54713130483867178, 0.54713130483867178, 0.54713130483867178, 0.54713130483867178, 0.54713130483867178, 0.54713130483867178, 0.54713130483867178, 0.54713130483867178, 0.54713130483867178, 0.54713130483867178, 0.54713130483867178, 0.54713130483867178, 0.54713130483867178, 0.54713130483867178, 0.54713130483867178, 0.54713130483867178, 0.54713130483867178, 0.54713130483867178, 0.54713130483867178, 0.54713130483867178, 0.54713130483867178, 0.54713130483867178, 0.54713130483867178, 0.54713130483867178, 0.54713130483867178, 0.54713130483867178, 0.54713130483867178, 0.54713130483867178, 0.54713130483867178, 0.54713130483867178, 0.54713130483867178, 0.54713130483867178, 0.54713130483867178, 0.54713130483867178, 0.54713130483867178, 0.54713130483867178, 0.54713130483867178, 0.54713130483867178, 0.54713130483867178, 0.54713130483867178, 0.54713130483867178, 0.54713130483867178, 0.54713130483867178, 0.54713130483867178, 0.54713130483867178, 0.54713130483867178, 0.54713130483867178, 0.54713130483867178, 0.54713130483867178, 0.54713130483867178, 0.54713130483867178, 0.54713130483867178, 0.54713130483867178, 0.54713130483867178, 0.54713130483867178, 0.54713130483867178, 0.54713130483867178, 0.54713130483867178, 0.54713130483867178, 0.54713130483867178, 0.54713130483867178, 0.54713130483867178, 0.54713130483867178, 0.54713130483867178, 0.54713130483867178, 0.54713130483867178, 0.54713130483867178, 0.54713130483867178, 0.54713130483867178, 0.54713130483867178, 0.54713130483867178
0.56478070176895157, 0.56478070176895157, 0.56478070176895157, 0.56478070176895157, 0.56478070176895157, 0.56478070176895157, 0.56478070176895157, 0.56478070176895157, 0.56478070176895157, 0.56478070176895157, 0.56478070176895157, 0.56478070176895157, 0.56478070176895157, 0.56478070176895157, 0.56478070176895157, 0.56478070176895157, 0.56478070176895157, 0.56478070176895157, 0.56478070176895157, 0.56478070176895157, 0.56478070176895157, 0.56478070176895157, 0.56478070176895157, 0.56478070176895157, 0.56478070176895157, 0.56478070176895157, 0.56478070176895157, 0.56478070176895157, 0.56478070176895157, 0.56478070176895157, 0.56478070176895157, 0.56478070176895157, 0.56478070176895157, 0.56478070176895157, 0.56478070176895157, 0.56478070176895157, 0.56478070176895157, 0.56478070176895157, 0.56478070176895157, 0.56478070176895157, 0.56478070176895157, 0.56478070176895157, 0.56478070176895157, 0.56478070176895157, 0.56478070176895157, 0.56478070176895157, 0.56478070176895157, 0.56478070176895157, 0.56478070176895157, 0.56478070176895157, 0.56478070176895157, 0.56478070176895157, 0.56478070176895157, 0.56478070176895157, 0.56478070176895157, 0.56478070176895157, 0.56478070176895157, 0.56478070176895157, 0.56478070176895157, 0.56478070176895157, 0.56478070176895157, 0.56478070176895157, 0.56478070176895157, 0.56478070176895157, 0.56478070176895157, 0.56478070176895157, 0.56478070176895157, 0.56478070176895157, 0.56478070176895157, 0.56478070176895157, 0.56478070176895157, 0.56478070176895157, 0.56478070176895157, 0.56478070176895157, 0.56478070176895157, 0.56478070176895157, 0.56478070176895157, 0.56478070176895157, 0.56478070176895157, 0.56478070176895157, 0.56478070176895157, 0.56478070176895157, 0.56478070176895157, 0.56478070176895157, 0.56478070176895157, 0.56478070176895157, 0.56478070176895157, 0.56478070176895157, 0.56478070176895157, 0.56478070176895157
0.58243009869923135, 0.58243009869923135, 0.58243009869923135, 0.58243009869923135, 0.58243009869923135, 0.58243009869923135, 0.58243009869923135, 0.58243009869923135, 0.58243009869923135, 0.58243009869923135, 0.58243009869923135, 0.58243009869923135, 0.58243009869923135, 0.58243009869923135, 0.58243009869923135, 0.58243009869923135, 0.58243009869923135, 0.58243009869923135, 0.58243009869923135, 0.58243009869923135, 0.58243009869923135, 0.58243009869923135, 0.58243009869923135, 0.58243009869923135, 0.58243009869923135, 0.58243009869923135, 0.58243009869923135, 0.58243009869923135, 0.58243009869923135, 0.58243009869923135, 0.58243009869923135, 0.58243009869923135, 0.58243009869923135, 0.58243009869923135, 0.58243009869923135, 0.58243009869923135, 0.58243009869923135, 0.58243009869923135, 0.58243009869923135, 0.58243009869923135, 0.58243009869923135, 0.58243009869923135, 0.58243009869923135, 0.58243009869923135, 0.58243009869923135, 0.58243009869923135, 0.58243009869923135, 0.58243009869923135, 0.58243009869923135, 0.58243009869923135, 0.58243009869923135, 0.58243009869923135, 0.58243009869923135, 0.58243009869923135, 0.58243009869923135, 0.58243009869923135, 0.58243009869923135, 0.58243009869923135, 0.58243009869923135, 0.58243009869923135, 0.58243009869923135, 0.58243009869923135, 0.58243009869923135, 0.58243009869923135, 0.58243009869923135, 0.58243009869923135, 0.58243009869923135, 0.58243009869923135, 0.58243009869923135, 0.58243009869923135, 0.58243009869923135, 0.58243009869923135, 0.58243009869923135, 0.58243009869923135, 0.58243009869923135, 0.58243009869923135, 0.58243009869923135, 0.58243009869923135, 0.58243009869923135, 0.58243009869923135, 0.58243009869923135, 0.58243009869923135, 0.58243009869923135, 0.58243009869923135, 0.58243009869923135, 0.58243009869923135, 0.58243009869923135, 0.58243009869923135, 0.58243009869923135, 0.58243009869923135
0.60007949562951113, 0.60007949562951113, 0.60007949562951113, 0.60007949562951113, 0.60007949562951113, 0.60007949562951113, 0.60007949562951113, 0.60007949562951113, 0.60007949562951113, 0.60007949562951113, 0.60007949562951113, 0.60007949562951113, 0.60007949562951113, 0.60007949562951113, 0.60007949562951113, 0.60007949562951113, 0.60007949562951113, 0.60007949562951113, 0.60007949562951113, 0.60007949562951113, 0.60007949562951113, 0.60007949562951113, 0.60007949562951113, 0.60007949562951113, 0.60007949562951113, 0.60007949562951113, 0.60007949562951113, 0.60007949562951113, 0.60007949562951113, 0.60007949562951113, 0.60007949562951113, 0.60007949562951113, 0.60007949562951113, 0.60007949562951113, 0.60007949562951113, 0.60007949562951113, 0.60007949562951113, 0.60007949562951113, 0.60007949562951113, 0.60007949562951113, 0.60007949562951113, 0.60007949562951113, 0.60007949562951113, 0.60007949562951113, 0.60007949562951113, 0.60007949562951113, 0.60007949562951113, 0.60007949562951113, 0.60007949562951113, 0.60007949562951113, 0.60007949562951113, 0.60007949562951113, 0.60007949562951113, 0.60007949562951113, 0.60007949562951113, 0.60007949562951113, 0.60007949562951113, 0.60007949562951113, 0.60007949562951113, 0.60007949562951113, 0.60007949562951113, 0.60007949562951113, 0.60007949562951113, 0.60007949562951113, 0.60007949562951113, 0.60007949562951113, 0.60007949562951113, 0.60007949562951113, 0.60007949562951113, 0.60007949562951113, 0.60007949562951113, 0.60007949562951113, 0.60007949562951113, 0.60007949562951113, 0.60007949562951113, 0.60007949562951113, 0.60007949562951113, 0.60007949562951113, 0.60007949562951113, 0.60007949562951113, 0.60007949562951113, 0.60007949562951113, 0.60007949562951113, 0.60007949562951113, 0.60007949562951113, 0.60007949562951113, 0.60007949562951113, 0.60007949562951113, 0.60007949562951113, 0.60007949562951113
0.6177288925597908, 0.6177288925597908, 0.6177288925597908, 0.6177288925597908, 0.6177288925597908, 0.6177288925597908, 0.6177288925597908, 0.6177288925597908, 0.6177288925597908, 0.6177288925597908, 0.6177288925597908, 0.6177288925597908, 0.6177288925597908, 0.6177288925597908, 0.6177288925597908, 0.6177288925597908, 0.6177288925597908, 0.6177288925597908, 0.6177288925597908, 0.6177288925597908, 0.6177288925597908, 0.6177288925597908, 0.6177288925597908, 0.6177288925597908, 0.6177288925597908, 0.6177288925597908, 0.6177288925597908, 0.6177288925597908, 0.6177288925597908, 0.6177288925597908, 0.6177288925597908, 0.6177288925597908, 0.6177288925597908, 0.6177288925597908, 0.6177288925597908, 0.6177288925597908, 0.6177288925597908, 0.6177288925597908, 0.6177288925597908, 0.6177288925597908, 0.6177288925597908, 0.6177288925597908, 0.6177288925597908, 0.6177288925597908, 0.6177288925597908, 0.6177288925597908, 0.6177288925597908, 0.6177288925597908, 0.6177288925597908, 0.6177288925597908, 0.6177288925597908, 0.6177288925597908, 0.6177288925597908, 0.6177288925597908, 0.6177288925597908, 0.6177288925597908, 0.6177288925597908, 0.6177288925597908, 0.6177288925597908, 0.6177288925597908, 0.6177288925597908, 0.6177288925597908, 0.6177288925597908, 0.6177288925597908, 0.6177288925597908, 0.6177288925597908, 0.6177288925597908, 0.6177288925597908, 0.6177288925597908, 0.6177288925597908, 0.6177288925597908, 0.6177288925597908, 0.6177288925597908, 0.6177288925597908, 0.6177288925597908, 0.6177288925597908, 0.6177288925597908, 0.6177288925597908, 0.6177288925597908, 0.6177288925597908, 0.6177288925597908, 0.6177288925597908, 0.6177288925597908, 0.6177288925597908, 0.6177288925597908, 0.6177288925597908, 0.6177288925597908, 0.6177288925597908, 0.6177288925597908, 0.6177288925597908
0.63537828949007047, 0.63537828949007047, 0.63537828949007047, 0.63537828949007047, 0.63537828949007047, 0.63537828949007047, 0.63537828949007047, 0.63537828949007047, 0.63537828949007047, 0.63537828949007047, 0.63537828949007047, 0.63537828949007047, 0.63537828949007047, 0.63537828949007047, 0.63537828949007047, 0.63537828949007047, 0.63537828949007047, 0.63537828949007047, 0.63537828949007047, 0.63537828949007047, 0.63537828949007047, 0.63537828949007047, 0.63537828949007047, 0.63537828949007047, 0.63537828949007047, 0.63537828949007047, 0.63537828949007047, 0.63537828949007047, 0.63537828949007047, 0.63537828949007047, 0.63537828949007047, 0.63537828949007047, 0.63537828949007047, 0.63537828949007047, 0.63537828949007047, 0.63537828949007047, 0.63537828949007047, 0.63537828949007047, 0.63537828949007047, 0.63537828949007047, 0.63537828949007047, 0.63537828949007047, 0.63537828949007047, 0.63537828949007047, 0.63537828949007047, 0.63537828949007047, 0.63537828949007047, 0.63537828949007047, 0.63537828949007047, 0.63537828949007047, 0.63537828949007047, 0.63537828949007047, 0.63537828949007047, 0.63537828949007047, 0.63537828949007047, 0.63537828949007047, 0.63537828949007047, 0.63537828949007047, 0.63537828949007047, 0.63537828949007047, 0.63537828949007047, 0.63537828949007047, 0.63537828949007047, 0.63537828949007047, 0.63537828949007047, 0.63537828949007047, 0.63537828949007047, 0.63537828949007047, 0.63537828949007047, 0.63537828949007047, 0.63537828949007047, 0.63537828949007047, 0.63537828949007047, 0.63537828949007047, 0.63537828949007047, 0.63537828949007047, 0.63537828949007047, 0.63537828949007047, 0.63537828949007047, 0.63537828949007047, 0.63537828949007047, 0.63537828949007047, 0.63537828949007047, 0.63537828949007047, 0.63537828949007047, 0.63537828949007047, 0.63537828949007047, 0.63537828949007047, 0.63537828949007047, 0.63537828949007047
0.65302768642035025, 0.65302768642035025, 0.65302768642035025, 0.65302768642035025, 0.65302768642035025, 0.65302768642035025, 0.65302768642035025, 0.65302768642035025, 0.65302768642035025, 0.65302768642035025, 0.65302768642035025, 0.65302768642035025, 0.65302768642035025, 0.65302768642035025, 0.65302768642035025, 0.65302768642035025, 0.65302768642035025, 0.65302768642035025, 0.65302768642035025, 0.65302768642035025, 0.65302768642035025, 0.65302768642035025, 0.65302768642035025, 0.65302768642035025, 0.65302768642035025, 0.65302768642035025, 0.65302768642035025, 0.65302768642035025, 0.65302768642035025, 0.65302768642035025, 0.65302768642035025, 0.65302768642035025, 0.65302768642035025, 0.65302768642035025, 0.65302768642035025, 0.65302768642035025, 0.65302768642035025, 0.65302768642035025, 0.65302768642035025, 0.65302768642035025, 0.65302768642035025, 0.65302768642035025, 0.65302768642035025, 0.65302768642035025, 0.65302768642035025, 0.65302768642035025, 0.65302768642035025, 0.65302768642035025, 0.65302768642035025, 0.65302768642035025, 0.65302768642035025, 0.65302768642035025, 0.65302768642035025, 0.65302768642035025, 0.65302768642035025, 0.65302768642035025, 0.65302768642035025, 0.65302768642035025, 0.65302768642035025, 0.65302768642035025, 0.65302768642035025, 0.65302768642035025, 0.65302768642035025, 0.65302768642035025, 0.65302768642035025, 0.65302768642035025, 0.65302768642035025, 0.65302768642035025, 0.65302768642035025, 0.65302768642035025, 0.65302768642035025, 0.65302768642035025, 0.65302768642035025, 0.65302768642035025, 0.65302768642035025, 0.65302768642035025, 0.65302768642035025, 0.65302768642035025, 0.65302768642035025, 0.65302768642035025, 0.65302768642035025, 0.65302768642035025, 0.65302768642035025, 0.65302768642035025, 0.65302768642035025, 0.65302768642035025, 0.65302768642035025, 0.65302768642035025, 0.65302768642035025, 0.65302768642035025
0.67067708335062992, 0.67067708335062992, 0.67067708335062992, 0.67067708335062992, 0.67067708335062992, 0.67067708335062992, 0.67067708335062992, 0.67067708335062992, 0.67067708335062992, 0.67067708335062992, 0.67067708335062992, 0.67067708335062992, 0.67067708335062992, 0.67067708335062992, 0.67067708335062992, 0.67067708335062992, 0.67067708335062992, 0.67067708335062992, 0.67067708335062992, 0.67067708335062992, 0.67067708335062992, 0.67067708335062992, 0.67067708335062992, 0.67067708335062992, 0.67067708335062992, 0.67067708335062992, 0.67067708335062992, 0.67067708335062992, 0.67067708335062992, 0.67067708335062992, 0.67067708335062992, 0.67067708335062992, 0.67067708335062992, 0.67067708335062992, 0.67067708335062992, 0.67067708335062992, 0.67067708335062992, 0.67067708335062992, 0.67067708335062992, 0.67067708335062992, 0.67067708335062992, 0.67067708335062992, 0.67067708335062992, 0.67067708335062992, 0.67067708335062992, 0.67067708335062992, 0.67067708335062992, 0.67067708335062992, 0.67067708335062992, 0.67067708335062992, 0.67067708335062992, 0.67067708335062992, 0.67067708335062992, 0.67067708335062992, 0.67067708335062992, 0.67067708335062992, 0.67067708335062992, 0.67067708335062992, 0.67067708335062992, 0.67067708335062992, 0.67067708335062992, 0.67067708335062992, 0.67067708335062992, 0.67067708335062992, 0.67067708335062992, 0.67067708335062992, 0.67067708335062992, 0.67067708335062992, 0.67067708335062992, 0.67067708335062992, 0.67067708335062992, 0.67067708335062992, 0.67067708335062992, 0.67067708335062992, 0.67067708335062992, 0.67067708335062992, 0.67067708335062992, 0.67067708335062992, 0.67067708335062992, 0.67067708335062992, 0.67067708335062992, 0.67067708335062992, 0.67067708335062992, 0.67067708335062992, 0.67067708335062992, 0.67067708335062992, 0.67067708335062992, 0.67067708335062992, 0.67067708335062992, 0.67067708335062992
0.6883264802809097, 0.6883264802809097, 0.6883264802809097, 0.6883264802809097, 0.6883264802809097, 0.6883264802809097, 0.6883264802809097, 0.6883264802809097, 0.6883264802809097, 0.6883264802809097, 0.6883264802809097, 0.6883264802809097, 0.6883264802809097, 0.6883264802809097, 0.6883264802809097, 0.6883264802809097, 0.6883264802809097, 0.6883264802809097, 0.6883264802809097, 0.6883264802809097, 0.6883264802809097, 0.6883264802809097, 0.6883264802809097, 0.6883264802809097, 0.6883264802809097, 0.6883264802809097, 0.6883264802809097, 0.6883264802809097, 0.6883264802809097, 0.6883264802809097, 0.6883264802809097, 0.6883264802809097, 0.6883264802809097, 0.6883264802809097, 0.6883264802809097, 0.6883264802809097, 0.6883264802809097, 0.6883264802809097, 0.6883264802809097, 0.6883264802809097, 0.6883264802809097, 0.6883264802809097, 0.6883264802809097, 0.6883264802809097, 0.6883264802809097, 0.6883264802809097, 0.6883264802809097, 0.6883264802809097, 0.6883264802809097, 0.6883264802809097, 0.6883264802809097, 0.6883264802809097, 0.6883264802809097, 0.6883264802809097, 0.6883264802809097, 0.6883264802809097, 0.6883264802809097, 0.6883264802809097, 0.6883264802809097, 0.6883264802809097, 0.6883264802809097, 0.6883264802809097, 0.6883264802809097, 0.6883264802809097, 0.6883264802809097, 0.6883264802809097, 0.6883264802809097, 0.6883264802809097, 0.6883264802809097, 0.6883264802809097, 0.6883264802809097, 0.6883264802809097, 0.6883264802809097, 0.6883264802809097, 0.6883264802809097, 0.6883264802809097, 0.6883264802809097, 0.6883264802809097, 0.6883264802809097, 0.6883264802809097, 0.6883264802809097, 0.6883264802809097, 0.6883264802809097, 0.6883264802809097, 0.6883264802809097, 0.6883264802809097, 0.6883264802809097, 0.6883264802809097, 0.6883264802809097, 0.6883264802809097
0.70597587721118948, 0.70597587721118948, 0.70597587721118948, 0.70597587721118948, 0.70597587721118948, 0.70597587721118948, 0.70597587721118948, 0.70597587721118948, 0.70597587721118948, 0.70597587721118948, 0.70597587721118948, 0.70597587721118948, 0.70597587721118948, 0.70597587721118948, 0.70597587721118948, 0.70597587721118948, 0.70597587721118948, 0.70597587721118948, 0.70597587721118948, 0.70597587721118948, 0.70597587721118948, 0.70597587721118948, 0.70597587721118948, 0.70597587721118948, 0.70597587721118948, 0.70597587721118948, 0.70597587721118948, 0.70597587721118948, 0.70597587721118948, 0.70597587721118948, 0.70597587721118948, 0.70597587721118948, 0.70597587721118948, 0.70597587721118948, 0.70597587721118948, 0.70597587721118948, 0.70597587721118948, 0.70597587721118948, 0.70597587721118948, 0.70597587721118948, 0.70597587721118948, 0.70597587721118948, 0.70597587721118948, 0.70597587721118948, 0.70597587721118948, 0.70597587721118948, 0.70597587721118948, 0.70597587721118948, 0.70597587721118948, 0.70597587721118948, 0.70597587721118948, 0.70597587721118948, 0.70597587721118948, 0.70597587721118948, 0.70597587721118948, 0.70597587721118948, 0.70597587721118948, 0.70597587721118948, 0.70597587721118948, 0.70597587721118948, 0.70597587721118948, 0.70597587721118948, 0.70597587721118948, 0.70597587721118948, 0.70597587721118948, 0.70597587721118948, 0.70597587721118948, 0.70597587721118948, 0.70597587721118948, 0.70597587721118948, 0.70597587721118948, 0.70597587721118948, 0.70597587721118948, 0.70597587721118948, 0.70597587721118948, 0.70597587721118948, 0.70597587721118948, 0.70597587721118948, 0.70597587721118948, 0.70597587721118948, 0.70597587721118948, 0.70597587721118948, 0.70597587721118948, 0.70597587721118948, 0.70597587721118948, 0.70597587721118948, 0.70597587721118948, 0.70597587721118948, 0.70597587721118948, 0.70597587721118948
0.72362527414146915, 0.72362527414146915, 0.72362527414146915, 0.72362527414146915, 0.72362527414146915, 0.72362527414146915, 0.72362527414146915, 0.72362527414146915, 0.72362527414146915, 0.72362527414146915, 0.72362527414146915, 0.72362527414146915, 0.72362527414146915, 0.72362527414146915, 0.72362527414146915, 0.72362527414146915, 0.72362527414146915, 0.72362527414146915, 0.72362527414146915, 0.72362527414146915, 0.72362527414146915, 0.72362527414146915, 0.72362527414146915, 0.72362527414146915, 0.72362527414146915, 0.72362527414146915, 0.72362527414146915, 0.72362527414146915, 0.72362527414146915, 0.72362527414146915, 0.72362527414146915, 0.72362527414146915, 0.72362527414146915, 0.72362527414146915, 0.72362527414146915, 0.72362527414146915, 0.72362527414146915, 0.72362527414146915, 0.72362527414146915, 0.72362527414146915, 0.72362527414146915, 0.72362527414146915, 0.72362527414146915, 0.72362527414146915, 0.72362527414146915, 0.72362527414146915, 0.72362527414146915, 0.72362527414146915, 0.72362527414146915, 0.72362527414146915, 0.72362527414146915, 0.72362527414146915, 0.72362527414146915, 0.72362527414146915, 0.72362527414146915, 0.72362527414146915, 0.72362527414146915, 0.72362527414146915, 0.72362527414146915, 0.72362527414146915, 0.72362527414146915, 0.72362527414146915, 0.72362527414146915, 0.72362527414146915, 0.72362527414146915, 0.72362527414146915, 0.72362527414146915, 0.72362527414146915, 0.72362527414146915, 0.72362527414146915, 0.72362527414146915, 0.72362527414146915, 0.72362527414146915, 0.72362527414146915, 0.72362527414146915, 0.72362527414146915, 0.72362527414146915, 0.72362527414146915, 0.72362527414146915, 0.72362527414146915, 0.72362527414146915, 0.72362527414146915, 0.72362527414146915, 0.72362527414146915, 0.72362527414146915, 0.72362527414146915, 0.72362527414146915, 0.72362527414146915, 0.72362527414146915, 0.72362527414146915
0.74127467107174894, 0.74127467107174894, 0.74127467107174894, 0.74127467107174894, 0.74127467107174894, 0.74127467107174894, 0.74127467107174894, 0.74127467107174894, 0.74127467107174894, 0.74127467107174894, 0.74127467107174894, 0.74127467107174894, 0.74127467107174894, 0.74127467107174894, 0.74127467107174894, 0.74127467107174894, 0.74127467107174894, 0.74127467107174894, 0.74127467107174894, 0.74127467107174894, 0.74127467107174894, 0.74127467107174894, 0.74127467107174894, 0.74127467107174894, 0.74127467107174894, 0.74127467107174894, 0.74127467107174894, 0.74127467107174894, 0.74127467107174894, 0.74127467107174894, 0.74127467107174894, 0.74127467107174894, 0.74127467107174894, 0.74127467107174894, 0.74127467107174894, 0.74127467107174894, 0.74127467107174894, 0.74127467107174894, 0.74127467107174894, 0.74127467107174894, 0.74127467107174894, 0.74127467107174894, 0.74127467107174894, 0.74127467107174894, 0.74127467107174894, 0.74127467107174894, 0.74127467107174894, 0.74127467107174894, 0.74127467107174894, 0.74127467107174894, 0.74127467107174894, 0.74127467107174894, 0.74127467107174894, 0.74127467107174894, 0.74127467107174894, 0.74127467107174894, 0.74127467107174894, 0.74127467107174894, 0.74127467107174894, 0.74127467107174894, 0.74127467107174894, 0.74127467107174894, 0.74127467107174894, 0.74127467107174894, 0.74127467107174894, 0.74127467107174894, 0.74127467107174894, 0.74127467107174894, 0.74127467107174894, 0.74127467107174894, 0.74127467107174894, 0.74127467107174894, 0.74127467107174894, 0.74127467107174894, 0.74127467107174894, 0.74127467107174894, 0.74127467107174894, 0.74127467107174894, 0.74127467107174894, 0.74127467107174894, 0.74127467107174894, 0.74127467107174894, 0.74127467107174894, 0.74127467107174894, 0.74127467107174894, 0.74127467107174894, 0.74127467107174894, 0.74127467107174894, 0.74127467107174894, 0.74127467107174894
0.75892406800202861, 0.75892406800202861, 0.75892406800202861, 0.75892406800202861, 0.75892406800202861, 0.75892406800202861, 0.75892406800202861, 0.75892406800202861, 0.75892406800202861, 0.75892406800202861, 0.75892406800202861, 0.75892406800202861, 0.75892406800202861, 0.75892406800202861, 0.75892406800202861, 0.75892406800202861, 0.75892406800202861, 0.75892406800202861, 0.75892406800202861, 0.75892406800202861, 0.75892406800202861, 0.75892406800202861, 0.75892406800202861, 0.75892406800202861, 0.75892406800202861, 0.75892406800202861, 0.75892406800202861, 0.75892406800202861, 0.75892406800202861, 0.75892406800202861, 0.75892406800202861, 0.75892406800202861, 0.75892406800202861, 0.75892406800202861, 0.75892406800202861, 0.75892406800202861, 0.75892406800202861, 0.75892406800202861, 0.75892406800202861, 0.75892406800202861, 0.75892406800202861, 0.75892406800202861, 0.75892406800202861, 0.75892406800202861, 0.75892406800202861, 0.75892406800202861, 0.75892406800202861, 0.75892406800202861, 0.75892406800202861, 0.75892406800202861, 0.75892406800202861, 0.75892406800202861, 0.75892406800202861, 0.75892406800202861, 0.75892406800202861, 0.75892406800202861, 0.75892406800202861, 0.75892406800202861, 0.75892406800202861, 0.75892406800202861, 0.75892406800202861, 0.75892406800202861, 0.75892406800202861, 0.75892406800202861, 0.75892406800202861, 0.75892406800202861, 0.75892406800202861, 0.75892406800202861, 0.75892406800202861, 0.75892406800202861, 0.75892406800202861, 0.75892406800202861, 0.75892406800202861, 0.75892406800202861, 0.75892406800202861, 0.75892406800202861, 0.75892406800202861, 0.75892406800202861, 0.75892406800202861, 0.75892406800202861, 0.75892406800202861, 0.75892406800202861, 0.75892406800202861, 0.75892406800202861, 0.75892406800202861, 0.75892406800202861, 0.75892406800202861, 0.75892406800202861, 0.75892406800202861, 0.75892406800202861
0.77657346493230828, 0.77657346493230828, 0.77657346493230828, 0.77657346493230828, 0.77657346493230828, 0.77657346493230828, 0.77657346493230828, 0.77657346493230828, 0.77657346493230828, 0.77657346493230828, 0.77657346493230828, 0.77657346493230828, 0.77657346493230828, 0.77657346493230828, 0.77657346493230828, 0.77657346493230828, 0.77657346493230828, 0.77657346493230828, 0.77657346493230828, 0.77657346493230828, 0.77657346493230828, 0.77657346493230828, 0.77657346493230828, 0.77657346493230828, 0.77657346493230828, 0.77657346493230828, 0.77657346493230828, 0.77657346493230828, 0.77657346493230828, 0.77657346493230828, 0.77657346493230828, 0.77657346493230828, 0.77657346493230828, 0.77657346493230828, 0.77657346493230828, 0.77657346493230828, 0.77657346493230828, 0.77657346493230828, 0.77657346493230828, 0.77657346493230828, 0.77657346493230828, 0.77657346493230828, 0.77657346493230828, 0.77657346493230828, 0.77657346493230828, 0.77657346493230828, 0.77657346493230828, 0.77657346493230828, 0.77657346493230828, 0.77657346493230828, 0.77657346493230828, 0.77657346493230828, 0.77657346493230828, 0.77657346493230828, 0.77657346493230828, 0.77657346493230828, 0.77657346493230828, 0.77657346493230828, 0.77657346493230828, 0.77657346493230828, 0.77657346493230828, 0.77657346493230828, 0.77657346493230828, 0.77657346493230828, 0.77657346493230828, 0.77657346493230828, 0.77657346493230828, 0.77657346493230828, 0.77657346493230828, 0.77657346493230828, 0.77657346493230828, 0.77657346493230828, 0.77657346493230828, 0.77657346493230828, 0.77657346493230828, 0.77657346493230828, 0.77657346493230828, 0.77657346493230828, 0.77657346493230828, 0.77657346493230828, 0.77657346493230828, 0.77657346493230828, 0.77657346493230828, 0.77657346493230828, 0.77657346493230828, 0.77657346493230828, 0.77657346493230828, 0.77657346493230828, 0.77657346493230828, 0.77657346493230828
