2, 1.999377062261978, 1.9975090251507637, 1.9943982160079818, 1.9900485105144541, 1.9844653278615831, 1.9776556239997143, 1.9696278829718881, 1.960392106343779, 1.949959800742991, 1.9383439635232296, 1.9255590665712212, 1.911621038276542, 1.8965472436868283, 1.8803564628730913, 1.8630688675320841, 1.8447059958548819, 1.8252907256929771, 1.8048472460553255, 1.7834010269718523, 1.7609787877609675, 1.7376084637406226, 1.7133191714243798, 1.6881411722458688, 1.6621058348568003, 1.6352455960455388, 1.6075939203248992, 1.5791852582395334, 1.5500550034448413, 1.5202394486108821, 1.4897757402062284, 1.4587018322180902, 1.4270564388663756, 1.394878986370591, 1.3622095638296823, 1.32908887327601, 1.2955581789656843, 1.2616592559684408, 1.2274343381211061, 1.1929260654094969, 1.158177430844304, 1.1232317268971586, 1.0881324915636017, 1.0529234541201631, 1.0176484806431285, 0.98235151935687115, 0.94707654587983658, 0.91186750843639808, 0.876768273102841, 0.84182256915569587, 0.80707393459050303, 0.77256566187889331, 0.73834074403155947, 0.70444182103431585, 0.67091112672398989, 0.63779043617031761, 0.60512101362940862, 0.5729435611336241, 0.54129816778190931, 0.51022425979377162, 0.47976055138911772, 0.44994499655515863, 0.42081474176046652, 0.39240607967510105, 0.3647544039544614, 0.33789416514319964, 0.3118588277541311, 0.28668082857561966, 0.26239153625937767, 0.23902121223903225, 0.21659897302814746, 0.19515275394467424, 0.17470927430702263, 0.15529400414511793, 0.13693113246791588, 0.11964353712690866, 0.1034527563131715, 0.088378961723458133, 0.07444093342877886, 0.061656036476770495, 0.050040199257009144, 0.039607893656220729, 0.030372117028111819, 0.022344376000285607, 0.01553467213841667, 0.0099514894855456462, 0.0056017839920180163, 0.0024909748492361757, 0.00062293773802176951, 0
1.999377062261978, 1.9987541245239564, 1.9968860874127419, 1.99377527826996, 1.9894255727764325, 1.9838423901235613, 1.9770326862616927, 1.9690049452338663, 1.9597691686057572, 1.949336863004969, 1.937721025785208, 1.9249361288331994, 1.9109981005385202, 1.8959243059488065, 1.8797335251350695, 1.8624459297940623, 1.8440830581168601, 1.8246677879549555, 1.804224308317304, 1.7827780892338305, 1.7603558500229459, 1.7369855260026006, 1.7126962336863583, 1.687518234507847, 1.6614828971187787, 1.6346226583075167, 1.6069709825868772, 1.5785623205015114, 1.5494320657068195, 1.5196165108728603, 1.4891528024682064, 1.4580788944800687, 1.4264335011283538, 1.3942560486325692, 1.3615866260916607, 1.328465935537988, 1.2949352412276622, 1.261036318230419, 1.2268114003830846, 1.1923031276714751, 1.1575544931062822, 1.122608789159137, 1.0875095538255801, 1.0523005163821411, 1.0170255429051067, 0.98172858161884935, 0.94645360814181489, 0.91124457069837639, 0.87614533536481931, 0.84119963141767418, 0.80645099685248123, 0.77194272414087173, 0.73771780629353756, 0.70381888329629416, 0.6702881889859682, 0.6371674984322957, 0.60449807589138704, 0.57232062339560219, 0.54067523004388751, 0.50960132205574982, 0.47913761365109597, 0.44932205881713688, 0.42019180402244471, 0.3917831419370793, 0.36413146621643966, 0.33727122740517784, 0.31123589001610941, 0.28605789083759792, 0.26176859852135592, 0.23839827450101048, 0.21597603529012566, 0.19452981620665249, 0.17408633656900085, 0.15467106640709619, 0.13630819472989408, 0.11902059938888689, 0.10282981857514972, 0.087756023985436374, 0.073817995690757102, 0.061033098738748709, 0.049417261518987385, 0.038984955918198956, 0.02974917929009005, 0.021721438262263835, 0.014911734400394901, 0.0093285517475238753, 0.0049788462539962471, 0.0018680371112144052, 0, -0.00062293773802176951
1.9975090251507637, 1.9968860874127419, 1.9950180503015276, 1.9919072411587455, 1.987557535665218, 1.981974353012347, 1.975164649150478, 1.9671369081226517, 1.9579011314945429, 1.9474688258937547, 1.9358529886739932, 1.9230680917219849, 1.9091300634273058, 1.8940562688375921, 1.8778654880238552, 1.860577892682848, 1.8422150210056458, 1.8227997508437412, 1.8023562712060894, 1.7809100521226164, 1.7584878129117314, 1.7351174888913863, 1.7108281965751437, 1.6856501973966327, 1.6596148600075642, 1.6327546211963024, 1.6051029454756629, 1.576694283390297, 1.5475640285956052, 1.5177484737616458, 1.4872847653569921, 1.4562108573688541, 1.4245654640171397, 1.3923880115213549, 1.3597185889804464, 1.3265978984267737, 1.2930672041164477, 1.2591682811192044, 1.22494336327187, 1.1904350905602605, 1.1556864559950677, 1.1207407520479225, 1.0856415167143658, 1.0504324792709268, 1.0151575057938924, 0.97986054450763493, 0.94458557103060037, 0.90937653358716186, 0.8742772982536049, 0.83933159430645976, 0.80458295974126692, 0.77007468702965731, 0.73584976918232303, 0.70195084618507964, 0.6684201518747539, 0.6352994613210815, 0.60263003878017252, 0.57045258628438777, 0.53880719293267321, 0.50773328494453551, 0.47726957653988156, 0.44745402170592247, 0.41832376691123035, 0.38991510482586494, 0.36226342910522524, 0.33540319029396343, 0.30936785290489499, 0.2841898537263835, 0.25990056141014156, 0.23653023738979606, 0.21410799817891124, 0.19266177909543805, 0.17221829945778649, 0.15280302929588177, 0.13444015761867967, 0.11715256227767246, 0.10096178146393531, 0.085887986874221972, 0.071949958579542686, 0.059165061627534307, 0.047549224407772969, 0.037116918806984561, 0.027881142178875645, 0.01985340115104943, 0.013043697289180497, 0.0074605146363094709, 0.0031108091427818406, 0, -0.0018680371112144052, -0.0024909748492361757
1.9943982160079818, 1.99377527826996, 1.9919072411587455, 1.9887964320159639, 1.9844467265224361, 1.9788635438695652, 1.9720538400076963, 1.9640260989798701, 1.9547903223517611, 1.9443580167509729, 1.9327421795312114, 1.9199572825792031, 1.906019254284524, 1.8909454596948103, 1.8747546788810736, 1.857467083540066, 1.8391042118628638, 1.8196889417009592, 1.7992454620633078, 1.7777992429798344, 1.7553770037689496, 1.7320066797486044, 1.7077173874323621, 1.6825393882538509, 1.6565040508647824, 1.6296438120535204, 1.6019921363328811, 1.5735834742475152, 1.5444532194528233, 1.5146376646188642, 1.4841739562142102, 1.4531000482260723, 1.4214546548743574, 1.3892772023785731, 1.3566077798376643, 1.3234870892839916, 1.2899563949736661, 1.2560574719764228, 1.2218325541290882, 1.1873242814174789, 1.1525756468522861, 1.1176299429051406, 1.0825307075715838, 1.0473216701281449, 1.0120466966511104, 0.9767497353648531, 0.94147476188781876, 0.90626572444438014, 0.87116648911082306, 0.83622078516367804, 0.80147215059848498, 0.76696387788687548, 0.7327389600395412, 0.69884003704229791, 0.66530934273197206, 0.63218865217829956, 0.59951922963739068, 0.56734177714160594, 0.53569638378989126, 0.50462247580175357, 0.47415876739709972, 0.44434321256314058, 0.41521295776844852, 0.38680429568308305, 0.35915261996244335, 0.33229238115118159, 0.30625704376211316, 0.28107904458360167, 0.25678975226735967, 0.2334194282470142, 0.21099718903612938, 0.18955096995265622, 0.16910749031500463, 0.14969222015309996, 0.13132934847589786, 0.11404175313489062, 0.097850972321153487, 0.082777177731440124, 0.068839149436760852, 0.056054252484752466, 0.044438415264991135, 0.034006109664202713, 0.024770333036093804, 0.016742592008267589, 0.0099328881463986544, 0.0043497054935276299, 0, -0.0031108091427818406, -0.0049788462539962471, -0.0056017839920180163
1.9900485105144541, 1.9894255727764325, 1.987557535665218, 1.9844467265224361, 1.9800970210289086, 1.9745138383760377, 1.9677041345141688, 1.9596763934863426, 1.9504406168582336, 1.9400083112574451, 1.9283924740376839, 1.9156075770856755, 1.901669548790996, 1.8865957542012828, 1.8704049733875456, 1.8531173780465384, 1.8347545063693362, 1.8153392362074314, 1.7948957565697801, 1.7734495374863068, 1.751027298275422, 1.7276569742550767, 1.7033676819388344, 1.6781896827603231, 1.6521543453712546, 1.6252941065599928, 1.5976424308393535, 1.5692337687539875, 1.5401035139592956, 1.5102879591253366, 1.4798242507206825, 1.4487503427325448, 1.4171049493808301, 1.3849274968850456, 1.3522580743441368, 1.3191373837904643, 1.2856066894801386, 1.2517077664828951, 1.2174828486355607, 1.1829745759239512, 1.1482259413587583, 1.1132802374116131, 1.0781810020780564, 1.0429719646346172, 1.0076969911575828, 0.97240002987132546, 0.93712505639429111, 0.9019160189508526, 0.86681678361729553, 0.83187107967015028, 0.79712244510495733, 0.76261417239334783, 0.72838925454601355, 0.69449033154877027, 0.66095963723844442, 0.62783894668477191, 0.59516952414386315, 0.5629920716480783, 0.53134667829636373, 0.50027277030822592, 0.46980906190357208, 0.43999350706961304, 0.41086325227492082, 0.38245459018955535, 0.35480291446891571, 0.32794267565765395, 0.30190733826858551, 0.27672933909007402, 0.25244004677383203, 0.22906972275348658, 0.20664748354260176, 0.1852012644591286, 0.16475778482147699, 0.14534251465957229, 0.12697964298237022, 0.10969204764136301, 0.093501266827625842, 0.078427472237912493, 0.064489443943233221, 0.051704546991224842, 0.040088709771463497, 0.029656404170675082, 0.020420627542566176, 0.012392886514739961, 0.0055831826528710245, 0, -0.0043497054935276299, -0.0074605146363094709, -0.0093285517475238753, -0.0099514894855456462
1.9844653278615834, 1.9838423901235616, 1.981974353012347, 1.9788635438695652, 1.9745138383760377, 1.9689306557231667, 1.9621209518612976, 1.9540932108334714, 1.9448574342053624, 1.9344251286045742, 1.9228092913848127, 1.9100243944328044, 1.8960863661381253, 1.8810125715484116, 1.8648217907346747, 1.8475341953936675, 1.8291713237164653, 1.8097560535545605, 1.7893125739169091, 1.7678663548334359, 1.7454441156225511, 1.7220737916022058, 1.6977844992859634, 1.6726065001074519, 1.6465711627183837, 1.6197109239071219, 1.5920592481864824, 1.5636505861011163, 1.5345203313064246, 1.5047047764724655, 1.4742410680678117, 1.4431671600796736, 1.4115217667279591, 1.3793443142321744, 1.3466748916912659, 1.3135542011375931, 1.2800235068272672, 1.2461245838300239, 1.2118996659826895, 1.17739139327108, 1.1426427587058872, 1.1076970547587421, 1.0725978194251853, 1.0373887819817462, 1.0021138085047119, 0.96681684721845429, 0.93154187374142006, 0.89633283629798166, 0.86123360096442447, 0.82628789701727923, 0.79153926245208628, 0.75703098974047678, 0.72280607189314261, 0.6889071488958991, 0.65537645458557325, 0.62225576403190097, 0.58958634149099209, 0.55740888899520735, 0.52576349564349267, 0.49468958765535492, 0.46422587925070108, 0.43441032441674193, 0.40528006962204988, 0.37687140753668441, 0.34921973181604471, 0.32235949300478295, 0.29632415561571446, 0.27114615643720302, 0.246856864120961, 0.22348654010061558, 0.20106430088973076, 0.17961808180625757, 0.15917460216860596, 0.13975933200670126, 0.1213964603294992, 0.10410886498849196, 0.087918084174754815, 0.072844289585041466, 0.058906261290362187, 0.046121364338353815, 0.034505527118592484, 0.024073221517804062, 0.014837444889695151, 0.0068097038618689333, 0, -0.0055831826528710245, -0.0099328881463986544, -0.013043697289180497, -0.014911734400394901, -0.01553467213841667
1.9776556239997143, 1.9770326862616927, 1.975164649150478, 1.9720538400076961, 1.9677041345141688, 1.9621209518612976, 1.9553112479994288, 1.9472835069716024, 1.9380477303434933, 1.9276154247427053, 1.9159995875229439, 1.9032146905709353, 1.889276662276256, 1.8742028676865428, 1.8580120868728056, 1.8407244915317986, 1.8223616198545962, 1.8029463496926919, 1.78250287005504, 1.7610566509715671, 1.738634411760682, 1.7152640877403367, 1.6909747954240943, 1.6657967962455833, 1.6397614588565148, 1.6129012200452528, 1.5852495443246135, 1.5568408822392477, 1.5277106274445555, 1.4978950726105964, 1.4674313642059427, 1.4363574562178048, 1.4047120628660901, 1.3725346103703056, 1.3398651878293968, 1.3067444972757243, 1.2732138029653983, 1.239314879968155, 1.2050899621208204, 1.1705816894092111, 1.1358330548440181, 1.1008873508968731, 1.0657881155633162, 1.0305790781198774, 0.99530410464284291, 0.96000714335658555, 0.92473216987955109, 0.88952313243611247, 0.85442389710255562, 0.81947819315541026, 0.78472955859021754, 0.75022128587860781, 0.71599636803127364, 0.68209744503403014, 0.6485667507237044, 0.61544606017003201, 0.58277663762912324, 0.55059918513333839, 0.51895379178162382, 0.48787988379348607, 0.45741617538883211, 0.42760062055487302, 0.39847036576018091, 0.37006170367481556, 0.34241002795417586, 0.31554978914291398, 0.28951445175384555, 0.26433645257533406, 0.24004716025909212, 0.21667683623874665, 0.19425459702786183, 0.17280837794438864, 0.15236489830673702, 0.13294962814483235, 0.11458675646763025, 0.097299161126623027, 0.081108380312885892, 0.066034585723172542, 0.052096557428493256, 0.039311660476484878, 0.02769582325672355, 0.017263517655935132, 0.008027741027826215, 0, -0.0068097038618689333, -0.012392886514739961, -0.016742592008267589, -0.01985340115104943, -0.021721438262263835, -0.022344376000285607
1.9696278829718881, 1.9690049452338665, 1.967136908122652, 1.9640260989798699, 1.9596763934863426, 1.9540932108334714, 1.9472835069716026, 1.9392557659437761, 1.9300199893156671, 1.9195876837148789, 1.9079718464951176, 1.8951869495431091, 1.88124892124843, 1.8661751266587165, 1.8499843458449794, 1.832696750503972, 1.8143338788267702, 1.7949186086648654, 1.774475129027214, 1.7530289099437406, 1.730606670732856, 1.7072363467125105, 1.6829470543962681, 1.6577690552177569, 1.6317337178286886, 1.6048734790174266, 1.5772218032967875, 1.5488131412114214, 1.5196828864167296, 1.4898673315827704, 1.4594036231781164, 1.4283297151899785, 1.3966843218382641, 1.3645068693424793, 1.3318374468015706, 1.2987167562478981, 1.2651860619375721, 1.231287138940329, 1.1970622210929942, 1.1625539483813849, 1.1278053138161919, 1.0928596098690468, 1.05776037453549, 1.0225513370920511, 0.98727636361501681, 0.95197940232875933, 0.91670442885172487, 0.88149539140828626, 0.84639615607472929, 0.81145045212758415, 0.77670181756239132, 0.74219354485078159, 0.70796862700344743, 0.67406970400620403, 0.64053900969587818, 0.60741831914220579, 0.57474889660129691, 0.54257144410551217, 0.51092605075379749, 0.47985214276565979, 0.4493884343610059, 0.4195728795270468, 0.39044262473235469, 0.36203396264698923, 0.33438228692634964, 0.30752204811508782, 0.28148671072601933, 0.25630871154750789, 0.2320194192312659, 0.20864909521092043, 0.18622685600003561, 0.16478063691656242, 0.14433715727891083, 0.12492188711700612, 0.10655901543980405, 0.089271420098796822, 0.073080639285059673, 0.058006844695346324, 0.044068816400667045, 0.031283919448658666, 0.019668082228897332, 0.0092357766281089132, 0, -0.008027741027826215, -0.014837444889695151, -0.020420627542566176, -0.024770333036093804, -0.027881142178875645, -0.02974917929009005, -0.030372117028111819
1.9603921063437793, 1.9597691686057575, 1.9579011314945434, 1.9547903223517613, 1.9504406168582336, 1.9448574342053626, 1.9380477303434935, 1.9300199893156673, 1.9207842126875585, 1.9103519070867701, 1.8987360698670086, 1.8859511729150003, 1.8720131446203212, 1.8569393500306075, 1.8407485692168706, 1.8234609738758634, 1.8050981021986612, 1.7856828320367566, 1.7652393523991052, 1.7437931333156318, 1.721370894104747, 1.6980005700844016, 1.6737112777681593, 1.648533278589648, 1.6224979412005796, 1.5956377023893176, 1.5679860266686783, 1.5395773645833124, 1.5104471097886205, 1.4806315549546614, 1.4501678465500074, 1.4190939385618695, 1.3874485452101548, 1.3552710927143705, 1.3226016701734618, 1.2894809796197892, 1.2559502853094633, 1.22205136231222, 1.1878264444648854, 1.1533181717532759, 1.1185695371880831, 1.083623833240938, 1.0485245979073812, 1.0133155604639421, 0.97804058698690799, 0.94274362570065029, 0.90746865222361595, 0.87225961478017744, 0.83716037944662047, 0.80221467549947523, 0.76746604093428239, 0.73295776822267267, 0.6987328503753385, 0.66483392737809499, 0.63130323306776925, 0.59818254251409686, 0.56551311997318798, 0.53333566747740324, 0.50169027412568856, 0.47061636613755087, 0.44015265773289697, 0.41033710289893793, 0.38120684810424577, 0.35279818601888036, 0.3251465102982406, 0.29828627148697889, 0.27225093409791046, 0.24707293491939894, 0.22278364260315697, 0.1994133185828115, 0.17699107937192671, 0.15554486028845352, 0.13510138065080188, 0.11568611048889721, 0.097323238811695134, 0.080035643470687909, 0.06384486265695076, 0.048771068067237411, 0.034833039772558139, 0.022048142820549756, 0.010432305600788417, 0, -0.0092357766281089132, -0.017263517655935132, -0.024073221517804062, -0.029656404170675082, -0.034006109664202713, -0.037116918806984561, -0.038984955918198956, -0.039607893656220729
1.949959800742991, 1.949336863004969, 1.9474688258937547, 1.9443580167509731, 1.9400083112574453, 1.9344251286045742, 1.9276154247427053, 1.9195876837148789, 1.9103519070867698, 1.8999196014859816, 1.8883037642662202, 1.8755188673142118, 1.8615808390195328, 1.8465070444298191, 1.8303162636160821, 1.8130286682750749, 1.794665796597873, 1.7752505264359681, 1.7548070467983166, 1.7333608277148433, 1.7109385885039585, 1.6875682644836132, 1.6632789721673706, 1.6381009729888596, 1.6120656355997913, 1.5852053967885293, 1.55755372106789, 1.5291450589825242, 1.5000148041878321, 1.4701992493538729, 1.4397355409492192, 1.4086616329610813, 1.3770162396093668, 1.3448387871135821, 1.3121693645726733, 1.2790486740190008, 1.2455179797086748, 1.2116190567114318, 1.1773941388640972, 1.1428858661524877, 1.1081372315872946, 1.0731915276401496, 1.0380922923065927, 1.0028832548631539, 0.96760828138611943, 0.93231132009986195, 0.8970363466228275, 0.86182730917938899, 0.82672807384583202, 0.79178236989868689, 0.75703373533349394, 0.72252546262188433, 0.68830054477455016, 0.65440162177730665, 0.6208709274669808, 0.58775023691330841, 0.55508081437239964, 0.52290336187661479, 0.49125796852490022, 0.46018406053676247, 0.42972035213210857, 0.39990479729814954, 0.37077454250345737, 0.34236588041809191, 0.31471420469745226, 0.28785396588619044, 0.26181862849712206, 0.23664062931861055, 0.21235133700236855, 0.18898101298202308, 0.16655877377113829, 0.1451125546876651, 0.12466907505001348, 0.1052538048881088, 0.086890933210906712, 0.069603337869899487, 0.053412557056162338, 0.038338762466448989, 0.024400734171769717, 0.011615837219761335, 0, -0.010432305600788417, -0.019668082228897332, -0.02769582325672355, -0.034505527118592484, -0.040088709771463497, -0.044438415264991135, -0.047549224407772969, -0.049417261518987385, -0.050040199257009144
1.9383439635232296, 1.9377210257852078, 1.9358529886739935, 1.9327421795312112, 1.9283924740376839, 1.9228092913848129, 1.9159995875229439, 1.9079718464951176, 1.8987360698670086, 1.8883037642662202, 1.8766879270464589, 1.8639030300944504, 1.8499650017997713, 1.8348912072100581, 1.8187004263963207, 1.8014128310553137, 1.7830499593781113, 1.7636346892162069, 1.7431912095785551, 1.7217449904950821, 1.6993227512841973, 1.675952427263852, 1.6516631349476094, 1.6264851357690984, 1.6004497983800299, 1.5735895595687681, 1.5459378838481286, 1.5175292217627627, 1.4883989669680708, 1.4585834121341117, 1.4281197037294577, 1.39704579574132, 1.3654004023896051, 1.3332229498938206, 1.3005535273529121, 1.2674328367992393, 1.2339021424889136, 1.2000032194916701, 1.1657783016443357, 1.1312700289327262, 1.0965213943675334, 1.0615756904203881, 1.0264764550868313, 0.99126741764339232, 0.95599244416635798, 0.9206954828801005, 0.88542050940306627, 0.85021147195962776, 0.81511223662607057, 0.78016653267892544, 0.7454178981137326, 0.71090962540212299, 0.67668470755478882, 0.64278578455754531, 0.60925509024721947, 0.57613439969354707, 0.5434649771526382, 0.51128752465685345, 0.47964213130513877, 0.44856822331700108, 0.41810451491234729, 0.38828896007838809, 0.35915870528369609, 0.33075004319833057, 0.30309836747769092, 0.27623812866642911, 0.25020279127736067, 0.22502479209884918, 0.20073549978260724, 0.17736517576226177, 0.15494293655137695, 0.13349671746790376, 0.11305323783025215, 0.093637967668347463, 0.075275095991145374, 0.057987500650138156, 0.041796719836401007, 0.026722925246687658, 0.012784896952008377, 0, -0.011615837219761335, -0.022048142820549756, -0.031283919448658666, -0.039311660476484878, -0.046121364338353815, -0.051704546991224842, -0.056054252484752466, -0.059165061627534307, -0.061033098738748709, -0.061656036476770495
1.9255590665712212, 1.9249361288331992, 1.9230680917219849, 1.9199572825792031, 1.9156075770856755, 1.9100243944328044, 1.9032146905709355, 1.8951869495431091, 1.8859511729150003, 1.8755188673142118, 1.8639030300944504, 1.851118133142442, 1.8371801048477627, 1.8221063102580493, 1.8059155294443126, 1.7886279341033051, 1.7702650624261029, 1.7508497922641981, 1.7304063126265468, 1.7089600935430735, 1.6865378543321887, 1.6631675303118434, 1.6388782379956011, 1.61370023881709, 1.5876649014280215, 1.5608046626167598, 1.5331529868961205, 1.5047443248107544, 1.4756140700160625, 1.4457985151821033, 1.4153348067774494, 1.3842608987893117, 1.352615505437597, 1.3204380529418123, 1.2877686304009037, 1.254647939847231, 1.2211172455369053, 1.187218322539662, 1.1529934046923274, 1.1184851319807181, 1.083736497415525, 1.0487907934683798, 1.0136915581348231, 0.97848252069138397, 0.94320754721434963, 0.90791058592809226, 0.87263561245105792, 0.8374265750076193, 0.80232733967406222, 0.76738163572691709, 0.73263300116172425, 0.69812472845011453, 0.66389981060278047, 0.63000088760553696, 0.59647019329521123, 0.56334950274153872, 0.53068008020062984, 0.4985026277048451, 0.46685723435313053, 0.43578332636499273, 0.40531961796033888, 0.37550406312637974, 0.34637380833168763, 0.31796514624632227, 0.29031347052568252, 0.26345323171442075, 0.23741789432535229, 0.21223989514684083, 0.18795060283059886, 0.16458027881025336, 0.14215803959936854, 0.12071182051589538, 0.10026834087824378, 0.080853070716339084, 0.062490199039136995, 0.045202603698129777, 0.029011822884392632, 0.013938028294679276, 0, -0.012784896952008377, -0.024400734171769717, -0.034833039772558139, -0.044068816400667045, -0.052096557428493256, -0.058906261290362187, -0.064489443943233221, -0.068839149436760852, -0.071949958579542686, -0.073817995690757102, -0.07444093342877886
1.911621038276542, 1.9109981005385199, 1.9091300634273056, 1.9060192542845238, 1.901669548790996, 1.8960863661381251, 1.889276662276256, 1.88124892124843, 1.872013144620321, 1.8615808390195325, 1.8499650017997711, 1.8371801048477627, 1.8232420765530837, 1.8081682819633702, 1.7919775011496331, 1.7746899058086258, 1.7563270341314237, 1.7369117639695189, 1.7164682843318675, 1.695022065248394, 1.6725998260375092, 1.6492295020171646, 1.624940209700922, 1.5997622105224107, 1.5737268731333423, 1.5468666343220805, 1.5192149586014412, 1.4908062965160751, 1.4616760417213832, 1.4318604868874241, 1.4013967784827701, 1.3703228704946324, 1.3386774771429175, 1.306500024647133, 1.2738306021062245, 1.2407099115525517, 1.207179217242226, 1.1732802942449827, 1.1390553763976481, 1.1045471036860386, 1.069798469120846, 1.0348527651737005, 0.99975352984014387, 0.9645444923967047, 0.92926951891967047, 0.89397255763341299, 0.85869758415637865, 0.82348854671294003, 0.78838931137938295, 0.75344360743223782, 0.71869497286704498, 0.68418670015543526, 0.6499617823081012, 0.6160628593108578, 0.58253216500053184, 0.54941147444685945, 0.51674205190595057, 0.48456459941016583, 0.45291920605845121, 0.42184529807031346, 0.39138158966565956, 0.36156603483170041, 0.33243578003700841, 0.30402711795164294, 0.2763754422310033, 0.24951520341974148, 0.22347986603067299, 0.19830186685216156, 0.17401257453591956, 0.15064225051557409, 0.12822001130468927, 0.10677379222121611, 0.086330312583564495, 0.066915042421659812, 0.048552170744457723, 0.031264575403450505, 0.015073794589713349, 0, -0.013938028294679276, -0.026722925246687658, -0.038338762466448989, -0.048771068067237411, -0.058006844695346324, -0.066034585723172542, -0.072844289585041466, -0.078427472237912493, -0.082777177731440124, -0.085887986874221972, -0.087756023985436374, -0.088378961723458133
1.8965472436868285, 1.8959243059488067, 1.8940562688375921, 1.8909454596948103, 1.886595754201283, 1.8810125715484118, 1.8742028676865428, 1.8661751266587168, 1.8569393500306077, 1.8465070444298191, 1.8348912072100581, 1.8221063102580493, 1.8081682819633704, 1.7930944873736567, 1.7769037065599198, 1.7596161112189126, 1.7412532395417104, 1.7218379693798058, 1.7013944897421542, 1.6799482706586808, 1.657526031447796, 1.6341557074274509, 1.6098664151112085, 1.5846884159326975, 1.558653078543629, 1.531792839732367, 1.5041411640117275, 1.4757325019263614, 1.4466022471316697, 1.4167866922977108, 1.3863229838930569, 1.3552490759049187, 1.3236036825532043, 1.2914262300574195, 1.258756807516511, 1.2256361169628383, 1.1921054226525125, 1.1582064996552695, 1.1239815818079348, 1.0894733090963256, 1.0547246745311325, 1.0197789705839873, 0.98467973525043029, 0.94947069780699156, 0.91419572432995699, 0.87889876304369952, 0.84362378956666506, 0.80841475212322667, 0.77331551678966959, 0.73836981284252456, 0.70362117827733162, 0.66911290556572189, 0.63488798771838784, 0.60098906472114444, 0.56745837041081848, 0.53433767985714609, 0.50166825731623721, 0.46949080482045252, 0.43784541146873779, 0.40677150348060009, 0.37630779507594619, 0.34649224024198716, 0.31736198544729505, 0.28895332336192958, 0.26130164764128988, 0.23444140883002812, 0.20840607144095968, 0.18322807226244819, 0.1589387799462062, 0.13556845592586073, 0.11314621671497595, 0.091699997631502758, 0.071256517993851132, 0.051841247831946456, 0.033478376154744374, 0.016190780813737149, 0, -0.015073794589713349, -0.029011822884392632, -0.041796719836401007, -0.053412557056162338, -0.06384486265695076, -0.073080639285059673, -0.081108380312885892, -0.087918084174754815, -0.093501266827625842, -0.097850972321153487, -0.10096178146393531, -0.10282981857514972, -0.1034527563131715
1.8803564628730913, 1.8797335251350695, 1.8778654880238552, 1.8747546788810734, 1.8704049733875456, 1.8648217907346747, 1.8580120868728058, 1.8499843458449794, 1.8407485692168706, 1.8303162636160821, 1.8187004263963207, 1.8059155294443126, 1.7919775011496333, 1.7769037065599198, 1.7607129257461827, 1.7434253304051752, 1.7250624587279733, 1.7056471885660685, 1.6852037089284171, 1.6637574898449439, 1.6413352506340588, 1.6179649266137137, 1.5936756342974714, 1.5684976351189603, 1.5424622977298919, 1.5156020589186301, 1.4879503831979906, 1.4595417211126245, 1.4304114663179326, 1.4005959114839734, 1.3701322030793197, 1.3390582950911816, 1.3074129017394671, 1.2752354492436824, 1.2425660267027738, 1.2094453361491011, 1.1759146418387756, 1.1420157188415321, 1.1077908009941977, 1.0732825282825882, 1.0385338937173951, 1.0035881897702501, 0.96848895443669325, 0.93327991699325441, 0.89800494351621996, 0.86270798222996237, 0.82743300875292802, 0.79222397130948952, 0.75712473597593255, 0.7221790320287873, 0.68743039746359447, 0.65292212475198486, 0.61869720690465069, 0.58479828390740718, 0.55126758959708144, 0.51814689904340894, 0.48547747650250012, 0.45330002400671537, 0.42165463065500064, 0.39058072266686295, 0.3601170142622091, 0.33030145942825001, 0.30117120463355784, 0.27276254254819243, 0.24511086682755273, 0.218250628016291, 0.19221529062722253, 0.16703729144871104, 0.14274799913246905, 0.11937767511212359, 0.096955435901238785, 0.075509216817765609, 0.055065737180113997, 0.035650467018209314, 0.017287595341007218, 0, -0.016190780813737149, -0.031264575403450505, -0.045202603698129777, -0.057987500650138156, -0.069603337869899487, -0.080035643470687909, -0.089271420098796822, -0.097299161126623027, -0.10410886498849196, -0.10969204764136301, -0.11404175313489062, -0.11715256227767246, -0.11902059938888689, -0.11964353712690866
1.8630688675320841, 1.8624459297940623, 1.860577892682848, 1.857467083540066, 1.8531173780465384, 1.8475341953936675, 1.8407244915317986, 1.8326967505039722, 1.8234609738758634, 1.8130286682750749, 1.8014128310553137, 1.7886279341033051, 1.7746899058086258, 1.7596161112189124, 1.7434253304051752, 1.7261377350641682, 1.7077748633869658, 1.6883595932250612, 1.6679161135874099, 1.6464698945039364, 1.6240476552930518, 1.6006773312727065, 1.5763880389564642, 1.5512100397779529, 1.5251747023888846, 1.4983144635776227, 1.4706627878569833, 1.4422541257716173, 1.4131238709769254, 1.3833083161429662, 1.3528446077383123, 1.3217706997501744, 1.2901253063984599, 1.2579478539026752, 1.2252784313617666, 1.1921577408080939, 1.1586270464977682, 1.1247281235005249, 1.0905032056531903, 1.0559949329415808, 1.0212462983763881, 0.98630059442924289, 0.95120135909568604, 0.91599232165224709, 0.88071734817521263, 0.84542038688895527, 0.81014541341192081, 0.77493637596848219, 0.73983714063492523, 0.70489143668778009, 0.67014280212258726, 0.63563452941097764, 0.60140961156364348, 0.56751068856639997, 0.53397999425607423, 0.50085930370240173, 0.46818988116149285, 0.43601242866570811, 0.40436703531399343, 0.37329312732585573, 0.34282941892120183, 0.31301386408724274, 0.28388360929255063, 0.25547494720718522, 0.22782327148654555, 0.20096303267528373, 0.17492769528621527, 0.14974969610770383, 0.12546040379146187, 0.10209007977111637, 0.079667840560231559, 0.058221621476758384, 0.037778141839106778, 0.018362871677202089, 0, -0.017287595341007218, -0.033478376154744374, -0.048552170744457723, -0.062490199039136995, -0.075275095991145374, -0.086890933210906712, -0.097323238811695134, -0.10655901543980405, -0.11458675646763025, -0.1213964603294992, -0.12697964298237022, -0.13132934847589786, -0.13444015761867967, -0.13630819472989408, -0.13693113246791588
1.8447059958548819, 1.8440830581168601, 1.8422150210056458, 1.839104211862864, 1.8347545063693362, 1.8291713237164653, 1.8223616198545962, 1.8143338788267702, 1.8050981021986612, 1.794665796597873, 1.7830499593781113, 1.7702650624261032, 1.7563270341314239, 1.7412532395417102, 1.7250624587279733, 1.7077748633869658, 1.6894119917097639, 1.6699967215478591, 1.6495532419102077, 1.6281070228267345, 1.6056847836158497, 1.5823144595955043, 1.558025167279262, 1.5328471681007507, 1.5068118307116822, 1.4799515919004207, 1.4522999161797812, 1.4238912540944153, 1.3947609992997232, 1.364945444465764, 1.3344817360611103, 1.3034078280729724, 1.2717624347212577, 1.2395849822254732, 1.2069155596845644, 1.1737948691308917, 1.140264174820566, 1.1063652518233229, 1.0721403339759883, 1.0376320612643788, 1.002883426699186, 0.96793772275204104, 0.93283848741848396, 0.89762944997504501, 0.86235447649801056, 0.82705751521175308, 0.79178254173471874, 0.75657350429128012, 0.72147426895772315, 0.68652856501057802, 0.65177993044538507, 0.61727165773377546, 0.58304673988644129, 0.54914781688919789, 0.51561712257887216, 0.4824964320251996, 0.44982700948429077, 0.41764955698850598, 0.38600416363679135, 0.35493025564865366, 0.32446654724399976, 0.29465099241004067, 0.26552073761534856, 0.23711207552998317, 0.20946039980934344, 0.18260016099808166, 0.15656482360901319, 0.13138682443050173, 0.10709753211425976, 0.08372720809391429, 0.061304968883029477, 0.039858749799556295, 0.019415270161904679, 0, -0.018362871677202089, -0.035650467018209314, -0.051841247831946456, -0.066915042421659812, -0.080853070716339084, -0.093637967668347463, -0.1052538048881088, -0.11568611048889721, -0.12492188711700612, -0.13294962814483235, -0.13975933200670126, -0.14534251465957229, -0.14969222015309996, -0.15280302929588177, -0.15467106640709619, -0.15529400414511793
1.8252907256929771, 1.8246677879549555, 1.8227997508437412, 1.8196889417009592, 1.8153392362074317, 1.8097560535545605, 1.8029463496926916, 1.7949186086648654, 1.7856828320367566, 1.7752505264359681, 1.7636346892162069, 1.7508497922641981, 1.7369117639695191, 1.7218379693798056, 1.7056471885660685, 1.6883595932250612, 1.6699967215478591, 1.6505814513859545, 1.6301379717483029, 1.6086917526648297, 1.5862695134539448, 1.5628991894335997, 1.5386098971173574, 1.5134318979388461, 1.4873965605497776, 1.4605363217385157, 1.4328846460178764, 1.4044759839325105, 1.3753457291378186, 1.3455301743038595, 1.3150664658992057, 1.2839925579110678, 1.2523471645593531, 1.2201697120635686, 1.1875002895226598, 1.1543795989689871, 1.1208489046586614, 1.0869499816614181, 1.0527250638140837, 1.0182167911024742, 0.98346815653728126, 0.94852245259013612, 0.91342321725657916, 0.87821417981314032, 0.84293920633610586, 0.80764224504984838, 0.77236727157281404, 0.73715823412937553, 0.70205899879581846, 0.66711329484867332, 0.63236466028348048, 0.59785638757187076, 0.5636314697245367, 0.5297325467272932, 0.4962018524169674, 0.4630811618632949, 0.43041173932238608, 0.39823428682660134, 0.36658889347488671, 0.33551498548674896, 0.30505127708209506, 0.27523572224813597, 0.24610546745344389, 0.21769680536807845, 0.19004512964743878, 0.16318489083617696, 0.13714955344710852, 0.11197155426859705, 0.087682261952355067, 0.064311937932009608, 0.041889698721124802, 0.020443479637651609, 0, -0.019415270161904679, -0.037778141839106778, -0.055065737180113997, -0.071256517993851132, -0.086330312583564495, -0.10026834087824378, -0.11305323783025215, -0.12466907505001348, -0.13510138065080188, -0.14433715727891083, -0.15236489830673702, -0.15917460216860596, -0.16475778482147699, -0.16910749031500463, -0.17221829945778649, -0.17408633656900085, -0.17470927430702263
1.8048472460553258, 1.8042243083173042, 1.8023562712060897, 1.7992454620633078, 1.7948957565697801, 1.7893125739169091, 1.7825028700550403, 1.774475129027214, 1.765239352399105, 1.7548070467983166, 1.7431912095785553, 1.7304063126265468, 1.7164682843318677, 1.7013944897421542, 1.6852037089284171, 1.6679161135874099, 1.6495532419102077, 1.6301379717483029, 1.6096944921106515, 1.5882482730271781, 1.5658260338162935, 1.5424557097959481, 1.5181664174797058, 1.4929884183011946, 1.4669530809121261, 1.4400928421008643, 1.412441166380225, 1.3840325042948589, 1.3549022495001672, 1.3250866946662081, 1.2946229862615541, 1.263549078273416, 1.2319036849217015, 1.1997262324259168, 1.1670568098850083, 1.1339361193313358, 1.1004054250210096, 1.0665065020237665, 1.0322815841764319, 0.99777331146482273, 0.96302467689962967, 0.92807897295248432, 0.89297973761892779, 0.85777070017548873, 0.82249572669845428, 0.7871987654121968, 0.75192379193516246, 0.71671475449172395, 0.68161551915816687, 0.64666981521102163, 0.61192118064582879, 0.57741290793421918, 0.54318799008688512, 0.50928906708964161, 0.47575837277931576, 0.44263768222564331, 0.40996825968473455, 0.37779080718894981, 0.34614541383723507, 0.31507150584909738, 0.28460779744444342, 0.25479224261048444, 0.22566198781579228, 0.19725332573042681, 0.16960165000978714, 0.14274141119852538, 0.1167060738094569, 0.09152807463094545, 0.067238782314703469, 0.043868458294357988, 0.021446219083473182, 0, -0.020443479637651609, -0.039858749799556295, -0.058221621476758384, -0.075509216817765609, -0.091699997631502758, -0.10677379222121611, -0.12071182051589538, -0.13349671746790376, -0.1451125546876651, -0.15554486028845352, -0.16478063691656242, -0.17280837794438864, -0.17961808180625757, -0.1852012644591286, -0.18955096995265622, -0.19266177909543805, -0.19452981620665249, -0.19515275394467424
1.7834010269718525, 1.7827780892338307, 1.7809100521226164, 1.7777992429798344, 1.7734495374863068, 1.7678663548334359, 1.7610566509715671, 1.7530289099437406, 1.7437931333156318, 1.7333608277148433, 1.7217449904950821, 1.7089600935430738, 1.6950220652483943, 1.679948270658681, 1.6637574898449439, 1.6464698945039364, 1.6281070228267345, 1.6086917526648297, 1.5882482730271781, 1.5668020539437051, 1.5443798147328203, 1.5210094907124749, 1.4967201983962326, 1.4715421992177213, 1.4455068618286528, 1.4186466230173911, 1.3909949472967518, 1.3625862852113857, 1.333456030416694, 1.3036404755827349, 1.2731767671780809, 1.242102859189943, 1.2104574658382281, 1.1782800133424438, 1.145610590801535, 1.1124899002478623, 1.0789592059375366, 1.0450602829402933, 1.0108353650929589, 0.9763270923813494, 0.94157845781615646, 0.90663275386901121, 0.87153351853545447, 0.8363244810920154, 0.80104950761498117, 0.76575254632872358, 0.73047757285168935, 0.69526853540825073, 0.66016930007469365, 0.62522359612754852, 0.59047496156235557, 0.55596668885074607, 0.52174177100341179, 0.48784284800616839, 0.45431215369584255, 0.42119146314217021, 0.38852204060126139, 0.35634458810547653, 0.32469919475376186, 0.29362528676562416, 0.26316157836097032, 0.2333460235270112, 0.20421576873231911, 0.17580710664695365, 0.14815543092631397, 0.12129519211505216, 0.095259854725983723, 0.07008185554747226, 0.045792563231230279, 0.022422239210884806, 0, -0.021446219083473182, -0.041889698721124802, -0.061304968883029477, -0.079667840560231559, -0.096955435901238785, -0.11314621671497595, -0.12822001130468927, -0.14215803959936854, -0.15494293655137695, -0.16655877377113829, -0.17699107937192671, -0.18622685600003561, -0.19425459702786183, -0.20106430088973076, -0.20664748354260176, -0.21099718903612938, -0.21410799817891124, -0.21597603529012566, -0.21659897302814746
1.7609787877609677, 1.7603558500229459, 1.7584878129117316, 1.7553770037689498, 1.751027298275422, 1.7454441156225511, 1.7386344117606822, 1.730606670732856, 1.7213708941047468, 1.7109385885039585, 1.6993227512841973, 1.6865378543321887, 1.6725998260375095, 1.657526031447796, 1.6413352506340588, 1.6240476552930518, 1.6056847836158497, 1.5862695134539448, 1.5658260338162935, 1.5443798147328203, 1.5219575755219354, 1.4985872515015901, 1.4742979591853478, 1.4491199600068365, 1.423084622617768, 1.396224383806506, 1.368572708085867, 1.3401640460005011, 1.311033791205809, 1.2812182363718498, 1.2507545279671961, 1.2196806199790582, 1.1880352266273435, 1.1558577741315588, 1.1231883515906502, 1.0900676610369777, 1.0565369667266518, 1.0226380437294087, 0.98841312588207397, 0.95390485317046447, 0.91915621860527164, 0.8842105146581265, 0.84911127932456965, 0.81390224188113069, 0.77862726840409635, 0.74333030711783887, 0.70805533364080453, 0.67284629619736591, 0.63774706086380883, 0.6028013569166637, 0.56805272235147086, 0.53354444963986114, 0.49931953179252703, 0.46542060879528352, 0.43188991448495778, 0.39876922393128533, 0.36609980139037651, 0.33392234889459177, 0.30227695554287703, 0.2712030475547394, 0.24073933915008547, 0.21092378431612641, 0.18179352952143429, 0.15338486743606886, 0.12573319171542915, 0.098872952904167366, 0.072837615515098916, 0.047659616336587454, 0.02337032402034547, 0, -0.022422239210884806, -0.043868458294357988, -0.064311937932009608, -0.08372720809391429, -0.10209007977111637, -0.11937767511212359, -0.13556845592586073, -0.15064225051557409, -0.16458027881025336, -0.17736517576226177, -0.18898101298202308, -0.1994133185828115, -0.20864909521092043, -0.21667683623874665, -0.22348654010061558, -0.22906972275348658, -0.2334194282470142, -0.23653023738979606, -0.23839827450101048, -0.23902121223903225
1.7376084637406222, 1.7369855260026004, 1.7351174888913863, 1.7320066797486042, 1.7276569742550767, 1.7220737916022055, 1.7152640877403365, 1.7072363467125102, 1.6980005700844012, 1.6875682644836132, 1.6759524272638517, 1.6631675303118432, 1.6492295020171641, 1.6341557074274506, 1.6179649266137135, 1.6006773312727063, 1.5823144595955041, 1.5628991894335995, 1.5424557097959479, 1.5210094907124747, 1.4985872515015899, 1.4752169274812446, 1.4509276351650022, 1.425749635986491, 1.3997142985974225, 1.3728540597861605, 1.3452023840655214, 1.3167937219801555, 1.2876634671854634, 1.2578479123515043, 1.2273842039468505, 1.1963102959587126, 1.164664902606998, 1.1324874501112134, 1.0998180275703047, 1.0666973370166322, 1.0331666427063064, 0.99926771970906292, 0.96504280186172853, 0.93053452915011903, 0.89578589458492619, 0.86084019063778106, 0.8257409553042242, 0.79053191786078514, 0.75525694438375091, 0.71995998309749332, 0.68468500962045908, 0.64947597217702047, 0.61437673684346339, 0.57943103289631825, 0.54468239833112531, 0.51017412561951569, 0.47594920777218153, 0.44205028477493813, 0.40851959046461234, 0.37539889991093983, 0.34272947737003101, 0.31055202487424627, 0.27890663152253165, 0.24783272353439392, 0.21736901512974002, 0.18755346029578093, 0.15842320550108882, 0.13001454341572338, 0.1023628676950837, 0.075502628883821907, 0.04946729149475345, 0.024289292316241978, 0, -0.02337032402034547, -0.045792563231230279, -0.067238782314703469, -0.087682261952355067, -0.10709753211425976, -0.12546040379146187, -0.14274799913246905, -0.1589387799462062, -0.17401257453591956, -0.18795060283059886, -0.20073549978260724, -0.21235133700236855, -0.22278364260315697, -0.2320194192312659, -0.24004716025909212, -0.246856864120961, -0.25244004677383203, -0.25678975226735967, -0.25990056141014156, -0.26176859852135592, -0.26239153625937767
1.7133191714243805, 1.7126962336863587, 1.7108281965751442, 1.7077173874323623, 1.7033676819388348, 1.6977844992859636, 1.6909747954240948, 1.6829470543962686, 1.6737112777681595, 1.6632789721673711, 1.6516631349476096, 1.6388782379956013, 1.6249402097009225, 1.6098664151112088, 1.5936756342974718, 1.5763880389564644, 1.5580251672792624, 1.5386098971173576, 1.518166417479706, 1.4967201983962328, 1.474297959185348, 1.4509276351650029, 1.4266383428487603, 1.4014603436702493, 1.3754250062811808, 1.3485647674699188, 1.3209130917492795, 1.2925044296639134, 1.2633741748692218, 1.2335586200352626, 1.2030949116306087, 1.1720210036424707, 1.1403756102907561, 1.1081981577949713, 1.0755287352540628, 1.0424080447003903, 1.0088773503900643, 0.97497842739282126, 0.94075350954548642, 0.90624523683387714, 0.8714966022686842, 0.83655089832153906, 0.80145166298798221, 0.76624262554454325, 0.7309676520675088, 0.69567069078125143, 0.66039571730421698, 0.62518667986077858, 0.59008744452722151, 0.55514174058007626, 0.52039310601488331, 0.4858848333032737, 0.45165991545593964, 0.41776099245869619, 0.38423029814837029, 0.35110960759469789, 0.31844018505378907, 0.28626273255800433, 0.25461733920628965, 0.22354343121815193, 0.19307972281349803, 0.16326416797953897, 0.13413391318484685, 0.1057252510994814, 0.078073575378841714, 0.051213336567579933, 0.025177999178511466, 0, -0.024289292316241978, -0.047659616336587454, -0.07008185554747226, -0.09152807463094545, -0.11197155426859705, -0.13138682443050173, -0.14974969610770383, -0.16703729144871104, -0.18322807226244819, -0.19830186685216156, -0.21223989514684083, -0.22502479209884918, -0.23664062931861055, -0.24707293491939894, -0.25630871154750789, -0.26433645257533406, -0.27114615643720302, -0.27672933909007402, -0.28107904458360167, -0.2841898537263835, -0.28605789083759792, -0.28668082857561966
1.6881411722458688, 1.687518234507847, 1.6856501973966327, 1.6825393882538509, 1.6781896827603233, 1.6726065001074522, 1.6657967962455833, 1.6577690552177571, 1.648533278589648, 1.6381009729888596, 1.6264851357690984, 1.6137002388170898, 1.599762210522411, 1.5846884159326973, 1.5684976351189603, 1.5512100397779531, 1.5328471681007507, 1.5134318979388461, 1.4929884183011948, 1.4715421992177213, 1.4491199600068365, 1.4257496359864914, 1.4014603436702489, 1.3762823444917378, 1.3502470071026693, 1.3233867682914073, 1.295735092570768, 1.2673264304854022, 1.2381961756907103, 1.2083806208567509, 1.1779169124520972, 1.1468430044639593, 1.1151976111122446, 1.0830201586164601, 1.0503507360755515, 1.0172300455218788, 0.98369935121155272, 0.94980042821430977, 0.91557551036697504, 0.88106723765536565, 0.84631860309017271, 0.81137289914302757, 0.77627366380947072, 0.74106462636603176, 0.70578965288899742, 0.67049269160273983, 0.6352177181257056, 0.60000868068226709, 0.56490944534871002, 0.52996374140156477, 0.49521510683637188, 0.46070683412476227, 0.42648191627742815, 0.3925829932801847, 0.35905229896985885, 0.3259316084161864, 0.29326218587527764, 0.26108473337949278, 0.22943934002777819, 0.19836543203964044, 0.16790172363498657, 0.13808616880102748, 0.10895591400633538, 0.080547251920969926, 0.052895576200330252, 0.026035337389068453, 0, -0.025177999178511466, -0.04946729149475345, -0.072837615515098916, -0.095259854725983723, -0.1167060738094569, -0.13714955344710852, -0.15656482360901319, -0.17492769528621527, -0.19221529062722253, -0.20840607144095968, -0.22347986603067299, -0.23741789432535229, -0.25020279127736067, -0.26181862849712206, -0.27225093409791046, -0.28148671072601933, -0.28951445175384555, -0.29632415561571446, -0.30190733826858551, -0.30625704376211316, -0.30936785290489499, -0.31123589001610941, -0.3118588277541311
1.6621058348568005, 1.6614828971187787, 1.6596148600075644, 1.6565040508647824, 1.6521543453712548, 1.6465711627183839, 1.6397614588565148, 1.6317337178286886, 1.6224979412005796, 1.6120656355997913, 1.6004497983800299, 1.5876649014280215, 1.5737268731333423, 1.5586530785436288, 1.5424622977298919, 1.5251747023888846, 1.5068118307116825, 1.4873965605497776, 1.4669530809121261, 1.4455068618286531, 1.423084622617768, 1.3997142985974229, 1.3754250062811804, 1.3502470071026693, 1.3242116697136008, 1.2973514309023388, 1.2696997551816998, 1.2412910930963337, 1.2121608383016418, 1.1823452834676826, 1.1518815750630287, 1.1208076670748908, 1.0891622737231763, 1.0569848212273916, 1.024315398686483, 0.9911947081328103, 0.95766401382248434, 0.92376509082524116, 0.88954017297790666, 0.85503190026629716, 0.82028326570110432, 0.78533756175395919, 0.75023832642040222, 0.71502928897696327, 0.67975431549992893, 0.64445735421367145, 0.60918238073663711, 0.57397334329319849, 0.53887410795964152, 0.50392840401249628, 0.46917976944730344, 0.43467149673569383, 0.40044657888835972, 0.36654765589111621, 0.33301696158079036, 0.29989627102711797, 0.26722684848620915, 0.23504939599042438, 0.20340400263870972, 0.172330094650572, 0.1418663862459181, 0.11205083141195904, 0.082920576617266928, 0.054511914531901476, 0.026860238811261792, 0, -0.026035337389068453, -0.051213336567579933, -0.075502628883821907, -0.098872952904167366, -0.12129519211505216, -0.14274141119852538, -0.16318489083617696, -0.18260016099808166, -0.20096303267528373, -0.218250628016291, -0.23444140883002812, -0.24951520341974148, -0.26345323171442075, -0.27623812866642911, -0.28785396588619044, -0.29828627148697889, -0.30752204811508782, -0.31554978914291398, -0.32235949300478295, -0.32794267565765395, -0.33229238115118159, -0.33540319029396343, -0.33727122740517784, -0.33789416514319964
1.635245596045539, 1.6346226583075167, 1.6327546211963024, 1.6296438120535206, 1.6252941065599928, 1.6197109239071219, 1.612901220045253, 1.6048734790174266, 1.5956377023893178, 1.5852053967885293, 1.5735895595687681, 1.5608046626167595, 1.5468666343220805, 1.531792839732367, 1.5156020589186301, 1.4983144635776227, 1.4799515919004207, 1.4605363217385159, 1.4400928421008643, 1.4186466230173911, 1.3962243838065063, 1.3728540597861609, 1.3485647674699186, 1.3233867682914073, 1.2973514309023388, 1.2704911920910771, 1.2428395163704378, 1.2144308542850719, 1.18530059949038, 1.1554850446564207, 1.1250213362517667, 1.093947428263629, 1.0623020349119143, 1.0301245824161296, 0.99745515987522115, 0.96433446932154854, 0.93080377501122269, 0.8969048520139794, 0.86267993416664468, 0.8281716614550354, 0.79342302688984256, 0.75847732294269732, 0.72337808760914057, 0.68816905016570151, 0.65289407668866717, 0.61759711540240969, 0.58232214192537524, 0.54711310448193673, 0.51201386914837965, 0.47706816520123457, 0.44231953063604168, 0.40781125792443201, 0.3735863400770979, 0.33968741707985445, 0.30615672276952866, 0.27303603221585615, 0.24036660967494733, 0.20818915717916256, 0.17654376382744791, 0.14546985583931019, 0.11500614743465631, 0.085190592600697237, 0.056060337806005132, 0.027651675720639677, 0, -0.026860238811261792, -0.052895576200330252, -0.078073575378841714, -0.1023628676950837, -0.12573319171542915, -0.14815543092631397, -0.16960165000978714, -0.19004512964743878, -0.20946039980934344, -0.22782327148654555, -0.24511086682755273, -0.26130164764128988, -0.2763754422310033, -0.29031347052568252, -0.30309836747769092, -0.31471420469745226, -0.3251465102982406, -0.33438228692634964, -0.34241002795417586, -0.34921973181604471, -0.35480291446891571, -0.35915261996244335, -0.36226342910522524, -0.36413146621643966, -0.3647544039544614
1.6075939203248988, 1.6069709825868772, 1.6051029454756627, 1.6019921363328808, 1.5976424308393533, 1.5920592481864821, 1.5852495443246133, 1.5772218032967871, 1.567986026668678, 1.5575537210678898, 1.5459378838481284, 1.53315298689612, 1.519214958601441, 1.5041411640117273, 1.4879503831979903, 1.4706627878569831, 1.4522999161797809, 1.4328846460178761, 1.4124411663802245, 1.3909949472967513, 1.3685727080858665, 1.3452023840655212, 1.3209130917492788, 1.2957350925707676, 1.2696997551816993, 1.2428395163704373, 1.215187840649798, 1.1867791785644319, 1.15764892376974, 1.1278333689357809, 1.0973696605311272, 1.0662957525429893, 1.0346503591912746, 1.0024729066954901, 0.9698034841545814, 0.93668279360090878, 0.90315209929058293, 0.86925317629333965, 0.83502825844600514, 0.80051998573439576, 0.76577135116920292, 0.73082564722205767, 0.69572641188850082, 0.66051737444506187, 0.62524240096802752, 0.58994543968176993, 0.55467046620473559, 0.51946142876129697, 0.48436219342774001, 0.44941648948059487, 0.41466785491540198, 0.38015958220379237, 0.34593466435645825, 0.3120357413592148, 0.2785050470488889, 0.24538435649521648, 0.21271493395430766, 0.18053748145852289, 0.14889208810680821, 0.11781818011867053, 0.08735447171401664, 0.057538916880057564, 0.028408662085365445, 0, -0.027651675720639677, -0.054511914531901476, -0.080547251920969926, -0.1057252510994814, -0.13001454341572338, -0.15338486743606886, -0.17580710664695365, -0.19725332573042681, -0.21769680536807845, -0.23711207552998317, -0.25547494720718522, -0.27276254254819243, -0.28895332336192958, -0.30402711795164294, -0.31796514624632227, -0.33075004319833057, -0.34236588041809191, -0.35279818601888036, -0.36203396264698923, -0.37006170367481556, -0.37687140753668441, -0.38245459018955535, -0.38680429568308305, -0.38991510482586494, -0.3917831419370793, -0.39240607967510105
1.5791852582395336, 1.5785623205015114, 1.5766942833902975, 1.5735834742475154, 1.5692337687539875, 1.5636505861011165, 1.5568408822392479, 1.5488131412114217, 1.5395773645833126, 1.5291450589825244, 1.5175292217627632, 1.5047443248107546, 1.4908062965160751, 1.4757325019263619, 1.4595417211126247, 1.4422541257716175, 1.4238912540944155, 1.4044759839325105, 1.3840325042948594, 1.3625862852113861, 1.3401640460005011, 1.316793721980156, 1.2925044296639137, 1.2673264304854024, 1.2412910930963339, 1.2144308542850721, 1.1867791785644326, 1.1583705164790667, 1.1292402616843749, 1.0994247068504155, 1.0689609984457618, 1.0378870904576238, 1.0062416971059092, 0.97406424461012453, 0.94139482206921599, 0.90827413151554326, 0.87474343720521752, 0.84084451420797424, 0.80661959636063973, 0.77211132364903023, 0.73736268908383729, 0.70241698513669215, 0.66731774980313541, 0.63210871235969646, 0.59683373888266211, 0.56153677759640452, 0.52626180411937018, 0.49105276667593167, 0.4559535313423746, 0.42100782739522941, 0.38625919283003651, 0.35175092011842685, 0.31752600227109284, 0.28362707927384928, 0.25009638496352349, 0.21697569440985104, 0.18430627186894222, 0.15212881937315745, 0.12048342602144278, 0.089409518033305074, 0.058945809628651195, 0.029130254794692109, 0, -0.028408662085365445, -0.056060337806005132, -0.082920576617266928, -0.10895591400633538, -0.13413391318484685, -0.15842320550108882, -0.18179352952143429, -0.20421576873231911, -0.22566198781579228, -0.24610546745344389, -0.26552073761534856, -0.28388360929255063, -0.30117120463355784, -0.31736198544729505, -0.33243578003700841, -0.34637380833168763, -0.35915870528369609, -0.37077454250345737, -0.38120684810424577, -0.39044262473235469, -0.39847036576018091, -0.40528006962204988, -0.41086325227492082, -0.41521295776844852, -0.41832376691123035, -0.42019180402244471, -0.42081474176046652
1.5500550034448415, 1.5494320657068195, 1.5475640285956052, 1.5444532194528233, 1.5401035139592958, 1.5345203313064248, 1.527710627444556, 1.5196828864167296, 1.5104471097886205, 1.5000148041878323, 1.4883989669680711, 1.4756140700160625, 1.4616760417213832, 1.44660224713167, 1.4304114663179326, 1.4131238709769254, 1.3947609992997232, 1.3753457291378186, 1.3549022495001672, 1.333456030416694, 1.3110337912058092, 1.2876634671854639, 1.2633741748692215, 1.2381961756907103, 1.2121608383016418, 1.18530059949038, 1.1576489237697405, 1.1292402616843746, 1.1001100068896827, 1.0702944520557236, 1.0398307436510696, 1.0087568356629317, 0.97711144231121716, 0.94493398981543242, 0.91226456727452387, 0.87914387672085115, 0.84561318241052541, 0.81171425941328212, 0.77748934156594762, 0.74298106885433823, 0.70823243428914529, 0.67328673034200015, 0.63818749500844318, 0.60297845756500434, 0.56770348408796989, 0.53240652280171241, 0.49713154932467807, 0.46192251188123956, 0.42682327654768248, 0.39187757260053729, 0.3571289380353444, 0.32262066532373485, 0.28839574747640068, 0.25449682447915722, 0.22096613016883135, 0.18784543961515893, 0.15517601707425011, 0.12299856457846534, 0.091353171226750685, 0.060279263238612976, 0.02981555483395908, 0, -0.029130254794692109, -0.057538916880057564, -0.085190592600697237, -0.11205083141195904, -0.13808616880102748, -0.16326416797953897, -0.18755346029578093, -0.21092378431612641, -0.2333460235270112, -0.25479224261048444, -0.27523572224813597, -0.29465099241004067, -0.31301386408724274, -0.33030145942825001, -0.34649224024198716, -0.36156603483170041, -0.37550406312637974, -0.38828896007838809, -0.39990479729814954, -0.41033710289893793, -0.4195728795270468, -0.42760062055487302, -0.43441032441674193, -0.43999350706961304, -0.44434321256314058, -0.44745402170592247, -0.44932205881713688, -0.44994499655515863
1.5202394486108823, 1.5196165108728608, 1.517748473761646, 1.5146376646188642, 1.5102879591253369, 1.5047047764724655, 1.4978950726105966, 1.4898673315827704, 1.4806315549546614, 1.4701992493538731, 1.4585834121341119, 1.4457985151821033, 1.4318604868874241, 1.4167866922977106, 1.4005959114839734, 1.3833083161429662, 1.364945444465764, 1.3455301743038595, 1.3250866946662081, 1.3036404755827349, 1.2812182363718498, 1.2578479123515047, 1.2335586200352622, 1.2083806208567509, 1.1823452834676826, 1.1554850446564207, 1.1278333689357813, 1.0994247068504155, 1.0702944520557236, 1.0404788972217645, 1.0100151888171105, 0.97894128082897258, 0.9472958874772579, 0.91511843498147338, 0.88244901244056473, 0.84932832188689211, 0.81579762757656638, 0.78189870457932298, 0.74767378673198848, 0.71316551402037909, 0.67841687945518625, 0.643471175508041, 0.60837194017448415, 0.5731629027310452, 0.53788792925401085, 0.50259096796775338, 0.46731599449071898, 0.43210695704728047, 0.39700772171372339, 0.3620620177665782, 0.32731338320138537, 0.2928051104897757, 0.25858019264244159, 0.22468126964519808, 0.19115057533487231, 0.15802988478119986, 0.12536046224029102, 0.093183009744506273, 0.061537616392791608, 0.030463708404653889, 0, -0.02981555483395908, -0.058945809628651195, -0.08735447171401664, -0.11500614743465631, -0.1418663862459181, -0.16790172363498657, -0.19307972281349803, -0.21736901512974002, -0.24073933915008547, -0.26316157836097032, -0.28460779744444342, -0.30505127708209506, -0.32446654724399976, -0.34282941892120183, -0.3601170142622091, -0.37630779507594619, -0.39138158966565956, -0.40531961796033888, -0.41810451491234729, -0.42972035213210857, -0.44015265773289697, -0.4493884343610059, -0.45741617538883211, -0.46422587925070108, -0.46980906190357208, -0.47415876739709972, -0.47726957653988156, -0.47913761365109597, -0.47976055138911772
1.4897757402062284, 1.4891528024682064, 1.4872847653569923, 1.4841739562142104, 1.4798242507206825, 1.474241068067812, 1.4674313642059429, 1.4594036231781164, 1.4501678465500076, 1.4397355409492192, 1.428119703729458, 1.4153348067774496, 1.4013967784827701, 1.3863229838930569, 1.3701322030793197, 1.3528446077383123, 1.3344817360611103, 1.3150664658992057, 1.2946229862615541, 1.2731767671780809, 1.2507545279671961, 1.2273842039468508, 1.2030949116306084, 1.1779169124520972, 1.1518815750630287, 1.1250213362517669, 1.0973696605311274, 1.0689609984457615, 1.0398307436510696, 1.0100151888171105, 0.97955148041245665, 0.94847757242431863, 0.91683217907260406, 0.88465472657681943, 0.85198530403591088, 0.81886461348223827, 0.78533391917191231, 0.75143499617466913, 0.71721007832733452, 0.68270180561572524, 0.64795317105053241, 0.61300746710338716, 0.57790823176983031, 0.54269919432639124, 0.50742422084935701, 0.47212725956309942, 0.43685228608606508, 0.40164324864262657, 0.36654401330906949, 0.33159830936192436, 0.29684967479673141, 0.2623414020851218, 0.22811648423778766, 0.19421756124054423, 0.16068686693021839, 0.12756617637654596, 0.094896753835637143, 0.062719301339852374, 0.031073907988137705, 0, -0.030463708404653889, -0.060279263238612976, -0.089409518033305074, -0.11781818011867053, -0.14546985583931019, -0.172330094650572, -0.19836543203964044, -0.22354343121815193, -0.24783272353439392, -0.2712030475547394, -0.29362528676562416, -0.31507150584909738, -0.33551498548674896, -0.35493025564865366, -0.37329312732585573, -0.39058072266686295, -0.40677150348060009, -0.42184529807031346, -0.43578332636499273, -0.44856822331700108, -0.46018406053676247, -0.47061636613755087, -0.47985214276565979, -0.48787988379348607, -0.49468958765535492, -0.50027277030822592, -0.50462247580175357, -0.50773328494453551, -0.50960132205574982, -0.51022425979377162
1.4587018322180905, 1.4580788944800689, 1.4562108573688544, 1.4531000482260725, 1.448750342732545, 1.443167160079674, 1.436357456217805, 1.4283297151899788, 1.4190939385618699, 1.4086616329610815, 1.39704579574132, 1.3842608987893117, 1.3703228704946326, 1.3552490759049189, 1.339058295091182, 1.3217706997501748, 1.3034078280729726, 1.2839925579110678, 1.2635490782734164, 1.2421028591899432, 1.2196806199790584, 1.1963102959587131, 1.1720210036424707, 1.1468430044639595, 1.120807667074891, 1.0939474282636292, 1.0662957525429897, 1.0378870904576238, 1.0087568356629319, 0.9789412808289728, 0.94847757242431885, 0.91740366443618104, 0.88575827108446625, 0.85358081858868173, 0.82091139604777319, 0.78779070549410046, 0.75426001118377461, 0.72036108818653144, 0.68613617033919694, 0.65162789762758744, 0.6168792630623946, 0.58193355911524947, 0.54683432378169261, 0.51162528633825366, 0.47635031286121926, 0.44105335157496173, 0.40577837809792733, 0.37056934065448882, 0.3354701053209318, 0.30052440137378661, 0.26577576680859372, 0.23126749409698411, 0.19704257624964999, 0.16314365325240651, 0.12961295894208069, 0.096492268388408256, 0.063822845847499435, 0.031645393351714658, 0, -0.031073907988137705, -0.061537616392791608, -0.091353171226750685, -0.12048342602144278, -0.14889208810680821, -0.17654376382744791, -0.20340400263870972, -0.22943934002777819, -0.25461733920628965, -0.27890663152253165, -0.30227695554287703, -0.32469919475376186, -0.34614541383723507, -0.36658889347488671, -0.38600416363679135, -0.40436703531399343, -0.42165463065500064, -0.43784541146873779, -0.45291920605845121, -0.46685723435313053, -0.47964213130513877, -0.49125796852490022, -0.50169027412568856, -0.51092605075379749, -0.51895379178162382, -0.52576349564349267, -0.53134667829636373, -0.53569638378989126, -0.53880719293267321, -0.54067523004388751, -0.54129816778190931
1.4270564388663758, 1.4264335011283542, 1.4245654640171397, 1.4214546548743578, 1.4171049493808305, 1.4115217667279594, 1.4047120628660905, 1.3966843218382641, 1.387448545210155, 1.3770162396093668, 1.3654004023896056, 1.352615505437597, 1.3386774771429182, 1.3236036825532045, 1.3074129017394673, 1.2901253063984601, 1.2717624347212579, 1.2523471645593534, 1.2319036849217018, 1.2104574658382286, 1.1880352266273437, 1.1646649026069986, 1.1403756102907561, 1.1151976111122448, 1.0891622737231763, 1.0623020349119146, 1.0346503591912752, 1.0062416971059092, 0.97711144231121738, 0.94729588747725813, 0.91683217907260428, 0.88575827108446625, 0.85411287773275169, 0.82193542523696717, 0.78926600269605851, 0.75614531214238578, 0.72261461783206005, 0.68871569483481687, 0.65449077698748226, 0.61998250427587276, 0.58523386971067992, 0.55028816576353479, 0.51518893042997793, 0.47997989298653898, 0.44470491950950458, 0.40940795822324705, 0.37413298474621265, 0.3389239473027742, 0.30382471196921712, 0.26887900802207199, 0.23413037345687907, 0.19962210074526945, 0.16539718289793531, 0.13149825990069186, 0.097967565590366026, 0.064846875036693591, 0.03217745249578477, 0, -0.031645393351714658, -0.062719301339852374, -0.093183009744506273, -0.12299856457846534, -0.15212881937315745, -0.18053748145852289, -0.20818915717916256, -0.23504939599042438, -0.26108473337949278, -0.28626273255800433, -0.31055202487424627, -0.33392234889459177, -0.35634458810547653, -0.37779080718894981, -0.39823428682660134, -0.41764955698850598, -0.43601242866570811, -0.45330002400671537, -0.46949080482045252, -0.48456459941016583, -0.4985026277048451, -0.51128752465685345, -0.52290336187661479, -0.53333566747740324, -0.54257144410551217, -0.55059918513333839, -0.55740888899520735, -0.5629920716480783, -0.56734177714160594, -0.57045258628438777, -0.57232062339560219, -0.5729435611336241
1.394878986370591, 1.3942560486325697, 1.3923880115213549, 1.3892772023785729, 1.3849274968850458, 1.3793443142321746, 1.3725346103703056, 1.3645068693424793, 1.3552710927143705, 1.3448387871135821, 1.3332229498938206, 1.320438052941812, 1.3065000246471332, 1.2914262300574197, 1.2752354492436826, 1.2579478539026754, 1.2395849822254732, 1.2201697120635684, 1.1997262324259168, 1.1782800133424438, 1.155857774131559, 1.1324874501112137, 1.1081981577949711, 1.0830201586164601, 1.0569848212273918, 1.0301245824161298, 1.0024729066954905, 0.97406424461012442, 0.94493398981543253, 0.91511843498147338, 0.88465472657681943, 0.85358081858868151, 0.82193542523696694, 0.78975797274118242, 0.75708855020027366, 0.72396785964660104, 0.6904371653362753, 0.65653824233903191, 0.62231332449169741, 0.58780505178008802, 0.55305641721489507, 0.51811071326774993, 0.48301147793419319, 0.44780244049075418, 0.41252746701371984, 0.37723050572746231, 0.34195553225042796, 0.3067464948069894, 0.27164725947343238, 0.23670155552628719, 0.20195292096109432, 0.16744464824948468, 0.13321973040215054, 0.099320807404907091, 0.065790113094581271, 0.032669422540908821, 0, -0.03217745249578477, -0.063822845847499435, -0.094896753835637143, -0.12536046224029102, -0.15517601707425011, -0.18430627186894222, -0.21271493395430766, -0.24036660967494733, -0.26722684848620915, -0.29326218587527764, -0.31844018505378907, -0.34272947737003101, -0.36609980139037651, -0.38852204060126139, -0.40996825968473455, -0.43041173932238608, -0.44982700948429077, -0.46818988116149285, -0.48547747650250012, -0.50166825731623721, -0.51674205190595057, -0.53068008020062984, -0.5434649771526382, -0.55508081437239964, -0.56551311997318798, -0.57474889660129691, -0.58277663762912324, -0.58958634149099209, -0.59516952414386315, -0.59951922963739068, -0.60263003878017252, -0.60449807589138704, -0.60512101362940862
1.3622095638296823, 1.3615866260916607, 1.3597185889804462, 1.3566077798376641, 1.3522580743441368, 1.3466748916912659, 1.3398651878293968, 1.3318374468015706, 1.3226016701734615, 1.3121693645726733, 1.3005535273529119, 1.2877686304009035, 1.2738306021062245, 1.2587568075165108, 1.2425660267027738, 1.2252784313617666, 1.2069155596845644, 1.1875002895226598, 1.1670568098850083, 1.1456105908015348, 1.1231883515906502, 1.0998180275703049, 1.0755287352540626, 1.0503507360755513, 1.0243153986864828, 0.99745515987522093, 0.96980348415458162, 0.94139482206921565, 0.91226456727452376, 0.88244901244056451, 0.85198530403591066, 0.82091139604777275, 0.78926600269605818, 0.75708855020027344, 0.72441912765936489, 0.69129843710569228, 0.65776774279536643, 0.62386881979812314, 0.58964390195078864, 0.55513562923917925, 0.5203869946739863, 0.48544129072684117, 0.45034205539328431, 0.41513301794984536, 0.37985804447281096, 0.34456108318655354, 0.30928610970951914, 0.27407707226608058, 0.23897783693252356, 0.20403213298537839, 0.16928349842018547, 0.13477522570857586, 0.10055030786124174, 0.06665138486399827, 0.033120690553672436, 0, -0.032669422540908821, -0.064846875036693591, -0.096492268388408256, -0.12756617637654596, -0.15802988478119986, -0.18784543961515893, -0.21697569440985104, -0.24538435649521648, -0.27303603221585615, -0.29989627102711797, -0.3259316084161864, -0.35110960759469789, -0.37539889991093983, -0.39876922393128533, -0.42119146314217021, -0.44263768222564331, -0.4630811618632949, -0.4824964320251996, -0.50085930370240173, -0.51814689904340894, -0.53433767985714609, -0.54941147444685945, -0.56334950274153872, -0.57613439969354707, -0.58775023691330841, -0.59818254251409686, -0.60741831914220579, -0.61544606017003201, -0.62225576403190097, -0.62783894668477191, -0.63218865217829956, -0.6352994613210815, -0.6371674984322957, -0.63779043617031761
1.3290888732760098, 1.3284659355379882, 1.3265978984267737, 1.3234870892839923, 1.3191373837904643, 1.3135542011375931, 1.3067444972757247, 1.2987167562478981, 1.2894809796197892, 1.2790486740190008, 1.2674328367992396, 1.254647939847231, 1.2407099115525519, 1.2256361169628385, 1.2094453361491011, 1.1921577408080941, 1.1737948691308919, 1.1543795989689873, 1.1339361193313358, 1.1124899002478623, 1.0900676610369777, 1.0666973370166324, 1.0424080447003901, 1.0172300455218788, 0.9911947081328103, 0.96433446932154854, 0.93668279360090911, 0.90827413151554315, 0.87914387672085126, 0.84932832188689211, 0.81886461348223827, 0.78779070549410035, 0.75614531214238556, 0.72396785964660104, 0.6912984371056925, 0.65817774655201988, 0.62464705224169392, 0.59074812924445075, 0.55652321139711614, 0.52201493868550675, 0.48726630412031391, 0.45232060017316872, 0.41722136483961186, 0.38201232739617286, 0.34673735391913862, 0.31144039263288104, 0.27616541915584669, 0.24095638171240813, 0.20585714637885108, 0.17091144243170592, 0.13616280786651305, 0.10165453515490343, 0.067429617307569301, 0.03353069431032582, 0, -0.033120690553672436, -0.065790113094581271, -0.097967565590366026, -0.12961295894208069, -0.16068686693021839, -0.19115057533487231, -0.22096613016883135, -0.25009638496352349, -0.2785050470488889, -0.30615672276952866, -0.33301696158079036, -0.35905229896985885, -0.38423029814837029, -0.40851959046461234, -0.43188991448495778, -0.45431215369584255, -0.47575837277931576, -0.4962018524169674, -0.51561712257887216, -0.53397999425607423, -0.55126758959708144, -0.56745837041081848, -0.58253216500053184, -0.59647019329521123, -0.60925509024721947, -0.6208709274669808, -0.63130323306776925, -0.64053900969587818, -0.6485667507237044, -0.65537645458557325, -0.66095963723844442, -0.66530934273197206, -0.6684201518747539, -0.6702881889859682, -0.67091112672398989
1.2955581789656843, 1.2949352412276622, 1.2930672041164479, 1.2899563949736661, 1.2856066894801386, 1.2800235068272674, 1.2732138029653985, 1.2651860619375723, 1.2559502853094633, 1.2455179797086751, 1.2339021424889136, 1.2211172455369053, 1.207179217242226, 1.1921054226525127, 1.1759146418387756, 1.1586270464977682, 1.1402641748205662, 1.1208489046586614, 1.10040542502101, 1.0789592059375366, 1.0565369667266518, 1.0331666427063064, 1.0088773503900641, 0.98369935121155294, 0.95766401382248456, 0.93080377501122269, 0.90315209929058338, 0.8747434372052173, 0.84561318241052552, 0.81579762757656638, 0.78533391917191242, 0.7542600111837745, 0.72261461783205982, 0.6904371653362753, 0.65776774279536654, 0.62464705224169392, 0.59111635793136819, 0.5572174349341249, 0.5229925170867904, 0.48848424437518095, 0.45373560980998806, 0.41878990586284287, 0.38369067052928607, 0.34848163308584712, 0.31320665960881272, 0.27790969832255524, 0.24263472484552087, 0.20742568740208234, 0.17232645206852529, 0.1373807481213801, 0.10263211355618722, 0.068123840844577593, 0.033898922997243466, 0, -0.03353069431032582, -0.06665138486399827, -0.099320807404907091, -0.13149825990069186, -0.16314365325240651, -0.19421756124054423, -0.22468126964519808, -0.25449682447915722, -0.28362707927384928, -0.3120357413592148, -0.33968741707985445, -0.36654765589111621, -0.3925829932801847, -0.41776099245869619, -0.44205028477493813, -0.46542060879528352, -0.48784284800616839, -0.50928906708964161, -0.5297325467272932, -0.54914781688919789, -0.56751068856639997, -0.58479828390740718, -0.60098906472114444, -0.6160628593108578, -0.63000088760553696, -0.64278578455754531, -0.65440162177730665, -0.66483392737809499, -0.67406970400620403, -0.68209744503403014, -0.6889071488958991, -0.69449033154877027, -0.69884003704229791, -0.70195084618507964, -0.70381888329629416, -0.70444182103431585
1.2616592559684408, 1.2610363182304187, 1.2591682811192046, 1.2560574719764226, 1.2517077664828951, 1.2461245838300239, 1.2393148799681553, 1.2312871389403286, 1.2220513623122198, 1.2116190567114316, 1.2000032194916701, 1.1872183225396618, 1.1732802942449825, 1.158206499655269, 1.1420157188415319, 1.1247281235005249, 1.1063652518233225, 1.0869499816614181, 1.0665065020237665, 1.0450602829402931, 1.0226380437294085, 0.99926771970906314, 0.9749784273928207, 0.94980042821430954, 0.92376509082524105, 0.89690485201397918, 0.86925317629333987, 0.8408445142079739, 0.81171425941328212, 0.78189870457932287, 0.75143499617466891, 0.72036108818653111, 0.68871569483481643, 0.6565382423390318, 0.62386881979812314, 0.59074812924445053, 0.55721743493412468, 0.5233185119368815, 0.48909359408954689, 0.4545853213779375, 0.41983668681274461, 0.38489098286559942, 0.34979174753204262, 0.31458271008860361, 0.27930773661156927, 0.24401077532531176, 0.20873580184827742, 0.17352676440483886, 0.13842752907128181, 0.10348182512413666, 0.068733190558943766, 0.034224917847334127, 0, -0.033898922997243466, -0.067429617307569301, -0.10055030786124174, -0.13321973040215054, -0.16539718289793531, -0.19704257624964999, -0.22811648423778766, -0.25858019264244159, -0.28839574747640068, -0.31752600227109284, -0.34593466435645825, -0.3735863400770979, -0.40044657888835972, -0.42648191627742815, -0.45165991545593964, -0.47594920777218153, -0.49931953179252703, -0.52174177100341179, -0.54318799008688512, -0.5636314697245367, -0.58304673988644129, -0.60140961156364348, -0.61869720690465069, -0.63488798771838784, -0.6499617823081012, -0.66389981060278047, -0.67668470755478882, -0.68830054477455016, -0.6987328503753385, -0.70796862700344743, -0.71599636803127364, -0.72280607189314261, -0.72838925454601355, -0.7327389600395412, -0.73584976918232303, -0.73771780629353756, -0.73834074403155947
1.2274343381211066, 1.226811400383085, 1.2249433632718705, 1.2218325541290886, 1.2174828486355609, 1.2118996659826897, 1.2050899621208211, 1.1970622210929944, 1.1878264444648858, 1.1773941388640974, 1.1657783016443362, 1.1529934046923276, 1.1390553763976485, 1.1239815818079348, 1.1077908009941979, 1.0905032056531907, 1.0721403339759885, 1.0527250638140837, 1.0322815841764323, 1.0108353650929591, 0.98841312588207431, 0.96504280186172897, 0.94075350954548653, 0.91557551036697538, 0.889540172977907, 0.86267993416664501, 0.83502825844600581, 0.80661959636063973, 0.77748934156594784, 0.7476737867319887, 0.71721007832733485, 0.68613617033919694, 0.65449077698748237, 0.62231332449169774, 0.58964390195078908, 0.55652321139711636, 0.52299251708679062, 0.48909359408954728, 0.45486867624221278, 0.42036040353060333, 0.38561176896541044, 0.35066606501826525, 0.31556682968470845, 0.2803577922412695, 0.24508281876423513, 0.20978585747797762, 0.17451088400094325, 0.13930184655750474, 0.10420261122394769, 0.069256907276802532, 0.034508272711609625, 0, -0.034224917847334127, -0.068123840844577593, -0.10165453515490343, -0.13477522570857586, -0.16744464824948468, -0.19962210074526945, -0.23126749409698411, -0.2623414020851218, -0.2928051104897757, -0.32262066532373485, -0.35175092011842685, -0.38015958220379237, -0.40781125792443201, -0.43467149673569383, -0.46070683412476227, -0.4858848333032737, -0.51017412561951569, -0.53354444963986114, -0.55596668885074607, -0.57741290793421918, -0.59785638757187076, -0.61727165773377546, -0.63563452941097764, -0.65292212475198486, -0.66911290556572189, -0.68418670015543526, -0.69812472845011453, -0.71090962540212299, -0.72252546262188433, -0.73295776822267267, -0.74219354485078159, -0.75022128587860781, -0.75703098974047678, -0.76261417239334783, -0.76696387788687548, -0.77007468702965731, -0.77194272414087173, -0.77256566187889331
1.1929260654094971, 1.1923031276714751, 1.1904350905602608, 1.1873242814174789, 1.1829745759239509, 1.1773913932710804, 1.1705816894092116, 1.1625539483813851, 1.1533181717532761, 1.1428858661524877, 1.1312700289327264, 1.1184851319807181, 1.104547103686039, 1.0894733090963253, 1.0732825282825884, 1.055994932941581, 1.0376320612643788, 1.0182167911024742, 0.99777331146482273, 0.97632709238134952, 0.95390485317046458, 0.93053452915011936, 0.90624523683387692, 0.88106723765536576, 0.85503190026629727, 0.8281716614550354, 0.80051998573439609, 0.77211132364903012, 0.74298106885433834, 0.71316551402037909, 0.68270180561572524, 0.65162789762758733, 0.61998250427587254, 0.58780505178008813, 0.55513562923917947, 0.52201493868550675, 0.48848424437518095, 0.45458532137793772, 0.42036040353060311, 0.38585213081899372, 0.35110349625380083, 0.31615779230665564, 0.28105855697309884, 0.24584951952965986, 0.21057454605262552, 0.17527758476636798, 0.14000261128933364, 0.1047935738458951, 0.069694338512338069, 0.034748634565192893, 0, -0.034508272711609625, -0.068733190558943766, -0.10263211355618722, -0.13616280786651305, -0.16928349842018547, -0.20195292096109432, -0.23413037345687907, -0.26577576680859372, -0.29684967479673141, -0.32731338320138537, -0.3571289380353444, -0.38625919283003651, -0.41466785491540198, -0.44231953063604168, -0.46917976944730344, -0.49521510683637188, -0.52039310601488331, -0.54468239833112531, -0.56805272235147086, -0.59047496156235557, -0.61192118064582879, -0.63236466028348048, -0.65177993044538507, -0.67014280212258726, -0.68743039746359447, -0.70362117827733162, -0.71869497286704498, -0.73263300116172425, -0.7454178981137326, -0.75703373533349394, -0.76746604093428239, -0.77670181756239132, -0.78472955859021754, -0.79153926245208628, -0.79712244510495733, -0.80147215059848498, -0.80458295974126692, -0.80645099685248123, -0.80707393459050303
1.158177430844304, 1.1575544931062824, 1.1556864559950679, 1.1525756468522861, 1.1482259413587586, 1.1426427587058869, 1.1358330548440185, 1.1278053138161921, 1.1185695371880835, 1.1081372315872948, 1.0965213943675334, 1.083736497415525, 1.0697984691208458, 1.0547246745311323, 1.0385338937173951, 1.0212462983763881, 1.0028834266991862, 0.98346815653728137, 0.96302467689962978, 0.94157845781615646, 0.91915621860527175, 0.89578589458492652, 0.87149660226868408, 0.84631860309017282, 0.82028326570110444, 0.79342302688984256, 0.76577135116920325, 0.73736268908383718, 0.7082324342891454, 0.67841687945518625, 0.64795317105053241, 0.61687926306239438, 0.5852338697106797, 0.55305641721489507, 0.52038699467398652, 0.48726630412031396, 0.45373560980998806, 0.41983668681274483, 0.38561176896541022, 0.35110349625380083, 0.31635486168860794, 0.28140915774146275, 0.24630992240790595, 0.21110088496446697, 0.1758259114874326, 0.14052895020117509, 0.10525397672414075, 0.070044939280702226, 0.034945703947145162, 0, -0.034748634565192893, -0.069256907276802532, -0.10348182512413666, -0.1373807481213801, -0.17091144243170592, -0.20403213298537839, -0.23670155552628719, -0.26887900802207199, -0.30052440137378661, -0.33159830936192436, -0.3620620177665782, -0.39187757260053729, -0.42100782739522941, -0.44941648948059487, -0.47706816520123457, -0.50392840401249628, -0.52996374140156477, -0.55514174058007626, -0.57943103289631825, -0.6028013569166637, -0.62522359612754852, -0.64666981521102163, -0.66711329484867332, -0.68652856501057802, -0.70489143668778009, -0.7221790320287873, -0.73836981284252456, -0.75344360743223782, -0.76738163572691709, -0.78016653267892544, -0.79178236989868689, -0.80221467549947523, -0.81145045212758415, -0.81947819315541026, -0.82628789701727923, -0.83187107967015028, -0.83622078516367804, -0.83933159430645976, -0.84119963141767418, -0.84182256915569587
1.1232317268971586, 1.122608789159137, 1.1207407520479227, 1.1176299429051406, 1.1132802374116133, 1.1076970547587424, 1.1008873508968733, 1.0928596098690471, 1.0836238332409383, 1.0731915276401496, 1.0615756904203884, 1.0487907934683798, 1.034852765173701, 1.0197789705839873, 1.0035881897702503, 0.98630059442924289, 0.96793772275204093, 0.94852245259013612, 0.92807897295248454, 0.90663275386901132, 0.8842105146581265, 0.86084019063778139, 0.83655089832153884, 0.81137289914302779, 0.7853375617539593, 0.75847732294269743, 0.73082564722205801, 0.70241698513669204, 0.67328673034200026, 0.643471175508041, 0.61300746710338716, 0.58193355911524924, 0.55028816576353456, 0.51811071326775004, 0.48544129072684139, 0.45232060017316877, 0.41878990586284293, 0.38489098286559964, 0.35066606501826508, 0.31615779230665564, 0.28140915774146275, 0.24646345379431761, 0.21136421846076078, 0.1761551810173218, 0.14088020754028746, 0.10558324625402994, 0.070308272776995584, 0.035099235333557049, 0, -0.034945703947145162, -0.069694338512338069, -0.10420261122394769, -0.13842752907128181, -0.17232645206852529, -0.20585714637885108, -0.23897783693252356, -0.27164725947343238, -0.30382471196921712, -0.3354701053209318, -0.36654401330906949, -0.39700772171372339, -0.42682327654768248, -0.4559535313423746, -0.48436219342774001, -0.51201386914837965, -0.53887410795964152, -0.56490944534871002, -0.59008744452722151, -0.61437673684346339, -0.63774706086380883, -0.66016930007469365, -0.68161551915816687, -0.70205899879581846, -0.72147426895772315, -0.73983714063492523, -0.75712473597593255, -0.77331551678966959, -0.78838931137938295, -0.80232733967406222, -0.81511223662607057, -0.82672807384583202, -0.83716037944662047, -0.84639615607472929, -0.85442389710255562, -0.86123360096442447, -0.86681678361729553, -0.87116648911082306, -0.8742772982536049, -0.87614533536481931, -0.876768273102841
1.0881324915636017, 1.0875095538255801, 1.0856415167143656, 1.0825307075715838, 1.0781810020780562, 1.0725978194251851, 1.0657881155633162, 1.0577603745354902, 1.048524597907381, 1.0380922923065927, 1.0264764550868313, 1.0136915581348227, 0.99975352984014376, 0.98467973525043007, 0.96848895443669314, 0.95120135909568604, 0.93283848741848374, 0.91342321725657905, 0.89297973761892757, 0.87153351853545424, 0.84911127932456953, 0.8257409553042242, 0.80145166298798176, 0.77627366380947072, 0.75023832642040222, 0.72337808760914035, 0.69572641188850104, 0.66731774980313507, 0.63818749500844307, 0.60837194017448404, 0.57790823176983008, 0.54683432378169217, 0.51518893042997749, 0.48301147793419297, 0.45034205539328437, 0.41722136483961164, 0.38369067052928585, 0.34979174753204256, 0.31556682968470801, 0.28105855697309862, 0.24630992240790572, 0.21136421846076056, 0.17626498312720373, 0.14105594568376476, 0.10578097220673041, 0.070484010920472906, 0.035209037443438528, 0, -0.035099235333557049, -0.070044939280702226, -0.1047935738458951, -0.13930184655750474, -0.17352676440483886, -0.20742568740208234, -0.24095638171240813, -0.27407707226608058, -0.3067464948069894, -0.3389239473027742, -0.37056934065448882, -0.40164324864262657, -0.43210695704728047, -0.46192251188123956, -0.49105276667593167, -0.51946142876129697, -0.54711310448193673, -0.57397334329319849, -0.60000868068226709, -0.62518667986077858, -0.64947597217702047, -0.67284629619736591, -0.69526853540825073, -0.71671475449172395, -0.73715823412937553, -0.75657350429128012, -0.77493637596848219, -0.79222397130948952, -0.80841475212322667, -0.82348854671294003, -0.8374265750076193, -0.85021147195962776, -0.86182730917938899, -0.87225961478017744, -0.88149539140828626, -0.88952313243611247, -0.89633283629798166, -0.9019160189508526, -0.90626572444438014, -0.90937653358716186, -0.91124457069837639, -0.91186750843639808
1.0529234541201633, 1.0523005163821415, 1.0504324792709272, 1.0473216701281449, 1.0429719646346176, 1.0373887819817467, 1.0305790781198776, 1.0225513370920514, 1.0133155604639423, 1.0028832548631541, 0.99126741764339266, 0.97848252069138442, 0.96454449239670526, 0.94947069780699178, 0.93327991699325474, 0.91599232165224742, 0.89762944997504512, 0.87821417981314043, 0.85777070017548918, 0.83632448109201585, 0.81390224188113103, 0.7905319178607858, 0.76624262554454325, 0.7410646263660321, 0.71502928897696372, 0.68816905016570173, 0.66051737444506242, 0.63210871235969657, 0.60297845756500468, 0.57316290273104542, 0.54269919432639147, 0.51162528633825366, 0.47997989298653898, 0.44780244049075441, 0.41513301794984581, 0.38201232739617313, 0.34848163308584729, 0.31458271008860406, 0.2803577922412695, 0.24584951952966008, 0.21110088496446719, 0.17615518101732203, 0.1410559456837652, 0.10584690824032623, 0.070571934763291877, 0.035274973477034358, 0, -0.035209037443438528, -0.070308272776995584, -0.10525397672414075, -0.14000261128933364, -0.17451088400094325, -0.20873580184827742, -0.24263472484552087, -0.27616541915584669, -0.30928610970951914, -0.34195553225042796, -0.37413298474621265, -0.40577837809792733, -0.43685228608606508, -0.46731599449071898, -0.49713154932467807, -0.52626180411937018, -0.55467046620473559, -0.58232214192537524, -0.60918238073663711, -0.6352177181257056, -0.66039571730421698, -0.68468500962045908, -0.70805533364080453, -0.73047757285168935, -0.75192379193516246, -0.77236727157281404, -0.79178254173471874, -0.81014541341192081, -0.82743300875292802, -0.84362378956666506, -0.85869758415637865, -0.87263561245105792, -0.88542050940306627, -0.8970363466228275, -0.90746865222361595, -0.91670442885172487, -0.92473216987955109, -0.93154187374142006, -0.93712505639429111, -0.94147476188781876, -0.94458557103060037, -0.94645360814181489, -0.94707654587983658
1.017648480643129, 1.0170255429051069, 1.0151575057938929, 1.0120466966511108, 1.0076969911575833, 1.0021138085047121, 0.99530410464284347, 0.98727636361501692, 0.9780405869869081, 0.96760828138611987, 0.95599244416635842, 0.94320754721435007, 0.9292695189196708, 0.91419572432995744, 0.89800494351622018, 0.88071734817521297, 0.86235447649801089, 0.84293920633610608, 0.82249572669845472, 0.8010495076149815, 0.77862726840409657, 0.75525694438375135, 0.73096765206750891, 0.70578965288899764, 0.67975431549992926, 0.6528940766886675, 0.62524240096802808, 0.59683373888266211, 0.56770348408797033, 0.53788792925401108, 0.50742422084935723, 0.47635031286121937, 0.44470491950950464, 0.41252746701372006, 0.37985804447281141, 0.34673735391913879, 0.31320665960881294, 0.27930773661156971, 0.24508281876423516, 0.21057454605262574, 0.17582591148743285, 0.14088020754028768, 0.10578097220673084, 0.070571934763291877, 0.035296961286257506, 0, -0.035274973477034358, -0.070484010920472906, -0.10558324625402994, -0.14052895020117509, -0.17527758476636798, -0.20978585747797762, -0.24401077532531176, -0.27790969832255524, -0.31144039263288104, -0.34456108318655354, -0.37723050572746231, -0.40940795822324705, -0.44105335157496173, -0.47212725956309942, -0.50259096796775338, -0.53240652280171241, -0.56153677759640452, -0.58994543968176993, -0.61759711540240969, -0.64445735421367145, -0.67049269160273983, -0.69567069078125143, -0.71995998309749332, -0.74333030711783887, -0.76575254632872358, -0.7871987654121968, -0.80764224504984838, -0.82705751521175308, -0.84542038688895527, -0.86270798222996237, -0.87889876304369952, -0.89397255763341299, -0.90791058592809226, -0.9206954828801005, -0.93231132009986195, -0.94274362570065029, -0.95197940232875933, -0.96000714335658555, -0.96681684721845429, -0.97240002987132546, -0.9767497353648531, -0.97986054450763493, -0.98172858161884935, -0.98235151935687115
